¡ˆ¡°,¿œΩ√,∆Ú±’ ¿ÃªÍ»≠≈∫º“(CO2) πË∞Ê¥Î±‚≥Ûµµ(ppm),∆Ú±’ ∏ﬁ≈∫(CH4) πË∞Ê¥Î±‚≥Ûµµ(ppb),∆Ú±’ æ∆ªÍ»≠¡˙º“(N2O) πË∞Ê¥Î±‚≥Ûµµ(ppb),∆Ú±’ ø∞»≠∫“»≠≈∫º“11(CFC11) πË∞Ê¥Î±‚≥Ûµµ(ppt),∆Ú±’ ø∞»≠∫“»≠≈∫º“12(CFC12) πË∞Ê¥Î±‚≥Ûµµ(ppt),∆Ú±’ ø∞»≠∫“»≠≈∫º“113(CFC113) πË∞Ê¥Î±‚≥Ûµµ(ppt),∆Ú±’ ¿∞∫“»≠»≤(SF6) πË∞Ê¥Î±‚≥Ûµµ(ppt)
132,2019-01-01,417.6787,1963.785098,331.2845504,231.79335,,70.92087,10.0689
132,2019-01-02,418.45947,1970.757137,331.8068915,230.728715,,70.9315,10.08168571
132,2019-01-03,,1969.987711,332.0422385,231.29469,,71.02345,10.081475
132,2019-01-04,,,331.4316572,231.3219056,,,
132,2019-01-05,,1966.894401,332.6377733,229.4356308,,70.41460667,
132,2019-01-06,,1978.361834,,230.11365,,70.43216842,
132,2019-01-07,424.90384,,,232.0300071,,70.82318667,10.1413
132,2019-01-08,,1982.224987,332.1505244,231.3882059,,71.35493684,10.14072
132,2019-01-09,,,331.9877193,231.5611313,,70.91661875,10.151
132,2019-01-10,,,,232.4167375,,71.34989231,
132,2019-01-11,,,,,,,
132,2019-01-12,,,,,,71.34487,
132,2019-01-13,,2094.868691,333.7904951,,,71.52645833,
132,2019-01-14,,,,,,,
132,2019-01-15,,2013.713563,333.3646991,232.6637429,,71.39047692,10.015175
132,2019-01-16,419.25024,1981.923143,332.2499923,231.917875,,71.01305789,10.074075
132,2019-01-17,424.86851,2002.264218,332.787055,,,71.21745294,
132,2019-01-18,431.83728,,,,,71.115245,
132,2019-01-19,,,,,,,
132,2019-01-20,418.57821,1987.440137,332.0158989,231.6195786,,70.94916429,10.106975
132,2019-01-21,421.50317,1988.153898,331.6033164,231.0532667,,70.63805263,10.06655
132,2019-01-22,427.37589,2056.651565,333.0381539,,,70.8879125,
132,2019-01-23,,2022.851495,332.9448073,232.1799667,,71.3059875,
132,2019-01-24,417.462,,,231.4686526,,70.80471579,10.07844667
132,2019-01-25,419.52935,1989.794704,331.8623937,230.55931,,70.471685,10.08556667
132,2019-01-26,418.99606,1977.083911,331.7365216,230.332915,,70.710055,10.03905
132,2019-01-27,,1971.856294,332.7602564,231.6748333,,70.92885,10.10807
132,2019-01-28,,1986.990126,332.4241072,231.6687929,,71.4369375,10.03626
132,2019-01-29,,,,230.955565,,71.14107059,10.05578125
132,2019-01-30,,,331.5189222,231.43745,,71.49534167,10.1213625
132,2019-01-31,,1976.217542,331.453116,231.05556,,70.88616875,10.04167143
132,2019-02-01,420.85093,1985.861878,331.6821022,231.19007,,70.75632778,10.12948462
132,2019-02-02,425.38603,2014.706837,332.751398,233.36555,,71.5188,10.1654
132,2019-02-03,427.47126,2037.798011,333.6491064,233.94555,,71.38801111,
132,2019-02-04,,1990.50811,331.76896,231.8661,,70.86912,10.04048571
132,2019-02-05,,,333.5010102,231.8858857,,70.80824,10.07244286
132,2019-02-06,,,,231.9859875,,70.53976111,10.1914
132,2019-02-07,419.09608,1977.51923,332.2931361,231.08066,,70.85816,10.05336667
132,2019-02-08,419.65647,1978.839422,331.8655267,230.9648526,,70.69330526,10.058615
132,2019-02-09,419.5402,1975.153611,332.1793458,231.091165,,70.7521,10.08304444
132,2019-02-10,,1987.164141,332.5981308,231.3905111,,70.95293333,10.13601
132,2019-02-11,420.94219,1982.516533,332.8992999,231.29359,,70.858655,10.12376
132,2019-02-12,,2027.400638,,232.3900714,,70.75608,10.14253077
132,2019-02-13,,1989.804637,333.2663749,232.1108167,,70.98894211,10.07221429
132,2019-02-14,,1980.813577,332.6665064,231.0271647,,70.71272,10.15133333
132,2019-02-15,,,,230.9453059,,70.81502353,10.10128182
132,2019-02-16,425.83452,2009.876276,332.8200402,232.41949,,70.87516111,10.1185
132,2019-02-17,419.53,1978.60925,332.6057102,231.292045,,70.99891333,10.10021765
132,2019-02-18,,,333.1480516,231.4696143,,71.12497778,10.1744
132,2019-02-19,,2028.932721,334.7464311,231.98948,,70.9499125,10.08685
132,2019-02-20,429.85866,2021.686025,334.4228454,,,71.4622,10.14456667
132,2019-02-21,426.51828,,,232.9274,,,
132,2019-02-22,,1990.505165,333.4539281,232.567,,71.2271,
132,2019-02-23,,,,,,71.16532,
132,2019-02-24,,,,,,70.81416,
132,2019-02-25,,,,231.31406,,70.85728,10.08375
132,2019-02-26,,1989.198866,332.7577854,231.8025211,,70.7253,10.1696
132,2019-02-27,,,,232.1414462,,71.268,
132,2019-02-28,,2028.758529,,232.49065,,71.25707143,
132,2019-03-01,,,337.3242489,,,,
132,2019-03-02,,,337.7651315,,,,
132,2019-03-03,,,335.695539,,,,
132,2019-03-04,,,,,,,
132,2019-03-05,,,,,,,
132,2019-03-06,,,,,,,
132,2019-03-07,420.32748,1989.872819,333.1329688,232.70306,,70.68709375,10.08447
132,2019-03-08,420.83334,,,231.8028529,,70.71393684,10.13519286
132,2019-03-09,,,,232.3596077,,70.98114444,10.1419625
132,2019-03-10,,1986.362782,333.5884873,232.4955222,,71.11057273,10.10805
132,2019-03-11,420.49653,1974.007243,332.2427491,232.9893833,,71.13446429,10.19708333
132,2019-03-12,424.40167,1999.69136,332.6626216,231.1644333,,70.9186875,10.06295
132,2019-03-13,420.35954,1977.469914,331.6263883,231.7745722,,70.83837895,10.17357
132,2019-03-14,421.7203,1989.351776,332.3575271,231.3158182,,70.91484286,10.13827143
132,2019-03-15,,,332.7935432,232.3082167,,71.23354286,10.168
132,2019-03-16,421.3159,1979.524066,331.9808983,231.8074056,,70.97946316,10.19524545
132,2019-03-17,420.77323,,,232.4462133,,71.12147222,10.18185333
132,2019-03-18,,,332.5551205,232.1325667,,70.684795,10.14031
132,2019-03-19,421.1736,1975.858129,332.1719268,232.1794053,,70.74242143,10.19446667
132,2019-03-20,,1981.401251,333.6493699,233.7781,,71.6237,
132,2019-03-21,422.04679,1983.924868,332.8309965,232.0055875,,70.74514,10.12785714
132,2019-03-22,419.27706,1968.29713,332.1587657,230.48714,,70.57053,10.07939167
132,2019-03-23,420.64747,1978.63378,332.4666681,230.9150556,,71.25817692,10.12147
132,2019-03-24,420.03317,1972.576805,,231.242675,,70.7416,10.16692941
132,2019-03-25,420.49137,1977.633577,,233.081755,,70.83853889,10.18667
132,2019-03-26,426.85678,2001.681888,,232.04108,,70.6077,
132,2019-03-27,426.86242,2037.048928,334.1846452,,,,
132,2019-03-28,424.34173,1991.136664,,231.3281273,,70.84224167,10.10821818
132,2019-03-29,426.54319,1981.075311,,231.793965,,70.72341176,10.19068889
132,2019-03-30,422.04422,1987.324784,332.4686178,231.90178,,70.97575882,10.16515
132,2019-03-31,419.68762,1972.003217,332.4811718,231.014175,,70.655895,10.14500526
132,2019-04-01,420.96713,,,232.26888,,70.6085,10.1944
132,2019-04-02,420.6181,,,232.6566316,,70.81875833,10.25271429
132,2019-04-03,421.20205,1973.115071,332.7143928,233.42515,,71.14975625,
132,2019-04-04,420.30835,1966.16952,332.5064764,233.219065,,70.832385,10.24115714
132,2019-04-05,419.56061,1966.648274,332.8547406,231.5912333,,70.80520714,10.18328182
132,2019-04-06,,,,231.6801684,,70.79317222,10.25698333
132,2019-04-07,,,,231.96343,,70.93704286,10.2489
132,2019-04-08,420.98848,,,231.279015,,70.89654,10.14712105
132,2019-04-09,422.92777,1994.694677,333.2591811,231.5858579,,70.63346111,10.20924
132,2019-04-10,423.35473,1974.250594,333.2055106,231.874035,,70.50780526,10.2093
132,2019-04-11,424.29147,,,232.08265,,70.82041667,10.2454
132,2019-04-12,423.7137,,,233.8283444,,70.91099412,10.389975
132,2019-04-13,,,,,,71.07385,10.37595
132,2019-04-14,,1995.495475,334.4951737,234.3677,,70.88598462,
132,2019-04-15,420.48195,1973.835982,333.4545451,231.82061,,70.94843846,10.21299286
132,2019-04-16,422.90518,,334.5253815,231.8740111,,71.029775,10.2317
132,2019-04-17,420.23654,,,232.1161,,70.89755,10.28515882
132,2019-04-18,418.13425,1943.865423,333.3351156,231.2249789,,70.77968333,10.30054
132,2019-04-19,,,,234.03665,,,
132,2019-04-20,,,,234.1010714,,,
132,2019-04-21,420.12335,,,232.9365143,,71.14043333,10.486
132,2019-04-22,,,,233.1913,,71.036,
132,2019-04-23,,,,,,,
132,2019-04-24,,,,,,71.04302857,
132,2019-04-25,424.8967,1982.726279,333.8247423,233.12816,,70.64626667,10.31652
132,2019-04-26,422.92943,1972.412119,332.8684138,231.3781563,,70.46892,10.21192727
132,2019-04-27,,1982.106664,333.4789662,230.8628333,,70.52441176,10.22796667
132,2019-04-28,,1982.022919,333.8891232,231.402705,,70.38796154,10.30366667
132,2019-04-29,,,336.0817549,232.37792,,70.493845,
132,2019-04-30,,2039.654198,336.6209822,231.71755,,70.154255,10.43153333
132,2019-05-01,423.86617,1985.833562,333.6679668,232.6659,,70.74575,10.46786
132,2019-05-02,421.80847,1968.648805,332.7018283,232.3639667,,70.67830833,10.32233333
132,2019-05-03,427.89171,1994.908724,334.0336402,233.1012833,,70.45436842,10.37974444
132,2019-05-04,,,,,,70.225325,10.5316
132,2019-05-05,,,,232.74045,,70.09067273,
132,2019-05-06,,1956.935495,332.8622169,227.755005,,69.26911,10.26727
132,2019-05-07,,1972.560346,333.7275827,232.2344571,,69.62715,10.3883
132,2019-05-08,420.92295,1977.983745,332.9661598,230.8606211,,70.10518333,10.315625
132,2019-05-09,419.61296,1965.21959,332.7501665,228.4849,,69.49407,10.29818
132,2019-05-10,418.75662,,,228.338425,,69.63423,10.41822143
132,2019-05-11,,1957.235185,332.965935,228.37796,,69.640845,10.4966
132,2019-05-12,,,,227.8593579,,69.46854444,10.41669375
132,2019-05-13,,,333.8479008,230.30128,497.92993,69.47985,10.5691
132,2019-05-14,,,334.7349895,231.4617688,498.82975,69.94445,
132,2019-05-15,,,,231.700415,499.290465,70.01740667,
132,2019-05-16,,,,230.8298714,501.88353,,
132,2019-05-17,,,334.7981099,230.2119944,499.035915,69.77095385,
132,2019-05-18,417.38848,1962.026642,332.3500459,226.913335,497.37194,68.909825,
132,2019-05-19,,1984.790683,333.649774,227.076565,496.973915,68.536695,10.5927
132,2019-05-20,419.57503,,,227.074035,497.30997,68.88526,10.24701
132,2019-05-21,419.14199,1973.948495,,230.7444333,498.23716,69.37277895,10.39421
132,2019-05-22,425.7005,2052.851761,333.918698,232.7115667,500.830545,69.08023,10.64834286
132,2019-05-23,,,335.2586835,,502.406015,,
132,2019-05-24,,,336.0512073,,504.1771667,,
132,2019-05-25,421.98311,1995.9313,333.6662805,230.0735462,498.892375,69.65564,10.64192
132,2019-05-26,,1982.783671,333.3330408,231.1665895,498.777425,69.5458875,10.72436
132,2019-05-27,417.9738,1953.708411,332.8777791,228.0604263,497.81058,69.36158824,10.43642632
132,2019-05-28,415.15114,1965.951175,332.9558013,227.7986125,497.50543,68.94481111,10.260195
132,2019-05-29,423.18392,2005.787318,334.4564081,,501.6261579,69.62727143,
132,2019-05-30,423.72674,2023.548838,335.0535813,229.409225,500.9075308,69.49975,10.4838
132,2019-05-31,415.84399,1950.616821,,229.127795,497.97756,69.60694211,10.49375789
132,2019-06-01,416.53189,,,230.126595,497.837955,69.6178,10.51224
132,2019-06-02,,,,230.03132,497.7992,69.494175,10.51924
132,2019-06-03,416.00746,,,230.58704,498.3362,69.89514,10.61566667
132,2019-06-04,,,,230.5960083,498.519975,69.7002,10.59566667
132,2019-06-05,416.14918,,,228.36625,497.735235,69.81751765,10.55015
132,2019-06-06,,,,228.8221333,499.08398,69.66175,10.54674
132,2019-06-07,,2012.576088,334.283184,229.4285545,499.20837,69.57527222,
132,2019-06-08,,,,231.1469167,498.642215,69.33843684,
132,2019-06-09,417.42918,,,230.3956278,497.357715,69.57357,
132,2019-06-10,414.49427,,,228.48023,497.25157,69.35681,10.59191429
132,2019-06-11,420.25696,,,229.137805,497.193415,68.955425,10.65686667
132,2019-06-12,415.49379,,,228.73156,497.20818,69.199535,10.64155
132,2019-06-13,,,,229.01101,498.03996,69.14662,10.6894
132,2019-06-14,,1992.087825,333.9034954,229.1009846,497.901045,69.08273571,
132,2019-06-15,,1982.010418,334.1824005,229.0112143,497.934105,69.37956,10.483375
132,2019-06-16,,,,228.46358,496.5824,68.954505,10.47734
132,2019-06-17,416.07498,1998.866086,335.8439147,229.526065,496.78389,69.13097,10.331205
132,2019-06-18,415.54863,1999.192398,334.7465134,230.4706867,497.807895,69.4923625,10.48648889
132,2019-06-19,414.68426,,,231.3294,499.15189,,
132,2019-06-20,,,,231.090425,498.38469,,
132,2019-06-21,,,,,498.36924,,
132,2019-06-22,,,,230.4413333,497.951445,69.026875,
132,2019-06-23,,,,229.9779,496.070245,68.97269,
132,2019-06-24,,,,229.80952,496.28506,68.96694,
132,2019-06-25,,,,229.1347684,496.22625,68.99947,
132,2019-06-26,,,336.6182349,229.9225,496.65999,68.9852,
132,2019-06-27,,,,230.77876,497.3427,68.78829412,
132,2019-06-28,,,334.7900592,230.1151667,496.285575,68.78291,
132,2019-06-29,,,,228.3872867,496.438505,69.048825,10.6746
132,2019-06-30,415.91404,1996.970919,334.211929,228.2427211,496.53914,69.18158571,
132,2019-07-01,,,,,497.8520545,69.3505,
132,2019-07-02,415.62463,,334.8234735,,497.8240706,,
132,2019-07-03,412.82031,,,,497.4681667,,
132,2019-07-04,,,334.9207646,,496.8713235,,
132,2019-07-05,,,,230.04952,496.88593,69.44156667,
132,2019-07-06,,,334.8454037,229.9954111,496.259265,69.16083571,
132,2019-07-07,,2017.862522,334.2506106,230.0964,496.06398,69.39875625,
132,2019-07-08,,1994.891789,333.9334901,227.4715818,495.6374579,69.03906667,10.56296
132,2019-07-09,,2028.567412,334.1842008,228.1369706,496.03653,68.702835,10.6166
132,2019-07-10,405.17688,2010.525788,334.3748031,227.534725,495.71364,68.62712,10.52725
132,2019-07-11,,1993.595301,334.0033885,228.211515,495.67676,68.50989412,10.40196
132,2019-07-12,406.56044,1941.785914,333.0601593,226.5579167,494.7626,68.43536,10.42813125
132,2019-07-13,407.23735,1978.151242,,227.8844944,495.545985,69.02639286,
132,2019-07-14,,,,229.3594857,497.3501667,,
132,2019-07-15,,,335.5186027,,497.4826,,
132,2019-07-16,,,335.3570161,229.90585,496.768515,69.3968,
132,2019-07-17,,,,,496.8189706,,
132,2019-07-18,,,,229.3855,496.8865625,69.18415,
132,2019-07-19,,,,226.1241571,496.11241,68.74702,10.5013
132,2019-07-20,,1904.456626,333.8041375,225.2041,496.3371,68.42274,10.56845
132,2019-07-21,,1957.562546,333.7495704,225.8933385,496.3906556,68.70695,
132,2019-07-22,417.4134,1941.430236,333.8733687,226.609,497.3805313,69.0745,10.4496
132,2019-07-23,413.4646,1874.401187,333.5177689,223.817305,495.45409,68.79343,10.162055
132,2019-07-24,,1872.656978,333.0033809,223.93818,495.71164,68.56269,10.23654667
132,2019-07-25,416.32411,1885.943424,333.092799,225.296165,496.67867,69.05856875,10.48907778
132,2019-07-26,415.12859,1896.421177,333.2947406,225.46844,496.9379,68.88250714,10.561275
132,2019-07-27,416.8127,1930.575856,334.3640732,226.4937688,497.2738056,69.1141375,10.53168889
132,2019-07-28,412.7444,1873.45071,333.2401802,224.4012,495.760725,68.9911,10.267825
132,2019-07-29,413.76622,1868.211059,333.1107063,224.134835,494.847255,68.41828,10.121165
132,2019-07-30,412.19159,1852.313366,332.6913668,223.69853,495.245455,68.665235,10.093035
132,2019-07-31,412.31815,1846.398165,332.942159,223.79415,495.17939,68.627195,10.06806
132,2019-08-01,413.69089,1865.311112,332.7485743,223.792375,494.4857,68.433185,10.125385
132,2019-08-02,,,,224.155515,494.833505,68.343165,10.18069474
132,2019-08-03,,,,226.330175,495.062195,68.81937692,10.34026667
132,2019-08-04,,,,225.6398846,495.5973,68.57949,10.35881429
132,2019-08-05,,,,226.3980833,496.28144,68.344575,10.40896667
132,2019-08-06,,,,226.5515,496.5171824,68.52152857,
132,2019-08-07,,2008.902173,336.0848438,,496.8574733,68.59723158,
132,2019-08-08,,,,226.6275636,496.7207895,68.53813,10.377
132,2019-08-09,,,,225.7719235,496.028575,68.590745,10.28122
132,2019-08-10,,,335.6379874,226.3288833,496.32764,68.79075,10.414
132,2019-08-11,,1919.352512,333.3978581,225.3683842,495.523325,68.40449,10.2570375
132,2019-08-12,,1930.162493,333.9691348,225.11918,495.978165,68.910435,10.27403684
132,2019-08-13,,,334.4551594,225.1391727,495.51723,69.08032857,10.25121818
132,2019-08-14,,,,226.42381,496.09372,69.07026154,10.233
132,2019-08-15,,,,226.5838667,496.323615,68.45668947,
132,2019-08-16,,2087.09145,,225.072,495.68456,68.67493571,10.3162
132,2019-08-17,400.93378,2066.914008,334.4583257,,495.6316278,69.14814,10.42192
132,2019-08-18,,,333.8798522,227.1958714,494.24287,68.52397778,10.3253875
132,2019-08-19,,,,227.5640625,494.18475,68.64026667,10.4395
132,2019-08-20,,,,227.2481,495.79826,69.0629,
132,2019-08-21,,,,,496.81737,69.15675,
132,2019-08-22,,,,,496.5462364,69.5695,
132,2019-08-23,401.8185,,,,,,
132,2019-08-24,402.58171,,,,,,
132,2019-08-25,401.38822,2028.766396,,,,,
132,2019-08-26,,,333.8663984,,,,
132,2019-08-27,,,,,498.81795,69.6258,
132,2019-08-28,,2018.07813,333.5239983,,498.60656,69.54678667,
132,2019-08-29,407.51182,2016.626683,334.3473553,,499.0831636,69.63354286,
132,2019-08-30,401.8033,2010.347557,332.5878804,228.0067833,498.20059,69.35413846,10.42714545
132,2019-08-31,402.50557,,,227.7712625,498.85728,69.53578333,10.410345
132,2019-09-01,,,,227.4796875,498.11602,69.49018333,10.45775714
132,2019-09-02,,,335.8264478,,498.832475,69.40108333,
132,2019-09-03,,,335.9395489,,499.5663364,69.82272857,
132,2019-09-04,,2009.345773,334.9605454,226.0101143,499.2242923,69.342055,10.21962
132,2019-09-05,,,,226.56965,499.3630571,69.22400588,10.33531429
132,2019-09-06,,,336.7214448,227.42955,499.51855,69.46871,10.30476667
132,2019-09-07,414.86595,1898.515694,333.6720874,226.1680667,498.60687,69.43394,10.30386667
132,2019-09-08,416.49033,,,227.7488,499.689,69.9718,10.4813
132,2019-09-09,,,,226.2077,499.9819667,69.43557143,
132,2019-09-10,,2029.701504,335.7920542,,499.7046,69.83054,
132,2019-09-11,,,335.5012742,,499.5874333,70.097,
132,2019-09-12,414.25806,2040.511016,334.3279047,227.5719,498.4726316,69.626555,
132,2019-09-13,,,333.6288758,226.703425,498.081635,69.313105,10.43003333
132,2019-09-14,,,,227.3896692,498.2937188,69.31635,
132,2019-09-15,,2057.630949,,,499.8974727,69.911775,
132,2019-09-16,,,334.9436618,227.1802,499.3812444,69.86556316,10.445
132,2019-09-17,,,334.9187243,227.81342,498.8465316,69.3001,10.4512
132,2019-09-18,,2004.302029,333.6023353,225.6223625,498.2830176,69.47671,10.28984
132,2019-09-19,,,,226.26276,498.72027,69.27445263,10.2644
132,2019-09-20,,2023.256167,334.1348379,226.1847167,498.8733111,69.349075,10.30812857
132,2019-09-21,410.89633,1998.13594,333.6031934,226.236945,497.991875,69.1219,10.298925
132,2019-09-22,413.01412,1976.810633,333.2742319,226.42308,498.146255,69.092575,10.43545
132,2019-09-23,,1997.846651,332.7727649,227.2412389,497.894305,69.48018333,10.34841
132,2019-09-24,410.17286,,,227.6229706,498.119905,69.216895,10.3789
132,2019-09-25,,,,227.7161556,498.171565,69.58293,10.39836429
132,2019-09-26,,,,227.7097909,498.58684,69.358075,
132,2019-09-27,,,335.0272314,227.2235,498.2838188,69.28792,
132,2019-09-28,,,,227.369825,499.1603875,69.12196,
132,2019-09-29,,,,,498.9817083,69.14228571,
132,2019-09-30,,,,,499.8490833,,
132,2019-10-01,,,,227.4741,499.09156,69.28476,10.4407
132,2019-10-02,,1950.684587,334.8906374,227.5104,498.815395,68.71127,
132,2019-10-03,418.96938,1922.569365,333.7018272,226.8229231,498.9002421,69.555805,
132,2019-10-04,,,335.9126276,,499.7186455,70.0591625,
132,2019-10-05,422.56169,2019.323374,,,498.89284,69.73472632,10.46604
132,2019-10-06,,2036.739299,,227.3673765,498.53515,69.17317,
132,2019-10-07,417.72077,,,227.50916,498.21634,69.455995,
132,2019-10-08,416.78522,1978.644821,332.7762778,225.9641583,497.968135,69.517005,10.30836667
132,2019-10-09,416.27391,,333.1568167,226.532475,497.04235,69.45218,10.3838
132,2019-10-10,,,335.2497921,227.67114,497.930455,69.71006875,10.4443
132,2019-10-11,,,336.0974053,,,69.71296667,
132,2019-10-12,,2014.89899,334.3575063,228.04456,498.771815,69.46859,
132,2019-10-13,,2016.203726,333.7059682,227.193225,497.654865,69.238295,
132,2019-10-14,,1989.311119,,227.1994313,498.30387,69.31377368,10.3428
132,2019-10-15,,2019.22003,334.204775,226.7646625,498.562405,69.26016842,
132,2019-10-16,,,335.0727913,,499.953425,69.29326471,
132,2019-10-17,,,,227.67985,499.26905,69.19445789,
132,2019-10-18,416.18296,2011.831549,334.349938,226.7400316,497.61549,69.15256,
132,2019-10-19,,,,226.6693154,498.0130789,69.44821667,10.4293
132,2019-10-20,,,,,499.56975,69.73097143,
132,2019-10-21,,,336.6402979,,498.8068,69.5192375,
132,2019-10-22,,,335.0815916,226.5928444,497.9262455,69.53345,
132,2019-10-23,,2025.409998,334.7471931,227.5825714,498.6197867,69.36793333,
132,2019-10-24,,2048.012504,335.7699976,,498.9194875,69.6207,
132,2019-10-25,,2026.999001,334.8991104,,498.82465,69.07044,
132,2019-10-26,418.25331,1979.92816,332.396542,226.302885,497.80375,69.33838947,10.33816364
132,2019-10-27,418.31137,1970.218014,,226.17352,497.629795,69.171785,10.3624
132,2019-10-28,,1982.487766,333.5569096,227.27374,498.4601833,69.2383,10.40914286
132,2019-10-29,416.57812,1963.444485,332.4372922,227.65553,498.0816111,68.38641579,10.35271176
132,2019-10-30,415.99633,1965.149687,333.0608138,227.38038,497.58817,68.54057,10.32442143
132,2019-10-31,,2012.524535,333.9485287,228.03769,497.8382313,68.19664615,10.44692
132,2019-11-01,,2022.646677,335.0479553,226.9052286,498.15721,68.36747,10.32516667
132,2019-11-02,,,,,499.00725,68.98623571,
132,2019-11-03,,,,227.9642,498.7251273,68.39537059,
132,2019-11-04,,2024.483206,335.0528478,227.5077,498.1265737,68.08026842,
132,2019-11-05,424.16649,,,228.136025,498.70945,68.83652,
132,2019-11-06,420.33143,,333.3976672,228.02208,498.6001263,68.13522222,
132,2019-11-07,418.51767,,332.6145882,226.6671615,497.8895333,67.86428,10.29728
132,2019-11-08,,,332.8501659,226.896655,497.478405,67.5049,10.32636667
132,2019-11-09,,,,227.5375643,498.3410556,68.033965,10.4186
132,2019-11-10,,,,228.37498,498.8973333,68.77485263,10.382
132,2019-11-11,424.95853,,,227.093875,498.1348571,69.16441818,10.3096
132,2019-11-12,,,,227.99118,498.4357842,,10.35241667
132,2019-11-13,,,,226.35795,496.93815,68.22855,10.349425
132,2019-11-14,,1974.671481,333.1843348,226.6068,497.37119,68.3547,10.30778571
132,2019-11-15,418.3156,1985.221567,333.1398649,226.8328923,498.531235,68.64258889,10.344375
132,2019-11-16,,,,,499.3102,69.10827778,
132,2019-11-17,,,336.3127798,227.9756,498.71778,68.79643636,
132,2019-11-18,419.35015,1985.104434,333.6011827,226.4733714,498.3668316,68.15441176,10.19605
132,2019-11-19,,1972.330572,332.7663222,227.4327467,497.9921867,68.3678,10.17929333
132,2019-11-20,,1998.81784,333.1418861,227.4805538,498.4889789,68.461695,10.4121
132,2019-11-21,,2052.777245,335.8829354,,499.2037,68.14361176,
132,2019-11-22,,,336.0456828,,499.2599,67.95039474,
132,2019-11-23,425.55324,,335.0244505,228.1836,498.7721267,68.64978,
132,2019-11-24,,1980.23828,334.75512,227.278325,498.8982714,67.75906,10.3949
132,2019-11-25,,1999.180272,333.54648,227.1999667,497.8734882,68.42015,10.32651538
132,2019-11-26,,2053.779116,335.4928886,227.3999,499.2249,67.45814,
132,2019-11-27,,2000.460926,333.5982278,226.9198429,498.7929625,68.48218947,10.44505556
132,2019-11-28,,2000.007327,333.8597736,227.2550188,499.0711333,67.9265,10.38332857
132,2019-11-29,,1963.095059,333.0001405,226.65437,497.67777,67.672375,10.3094125
132,2019-11-30,,,,227.1311889,498.5234167,68.63457778,10.3866
132,2019-12-01,,,,227.42715,498.47417,68.63025,
132,2019-12-02,417.93987,1972.236415,332.64062,226.672985,497.22557,68.35791111,10.32201667
132,2019-12-03,,1986.532207,333.2643675,227.0942429,497.9996625,68.38757,10.4144
132,2019-12-04,,1998.99321,333.5729225,228.0929,499.2067643,68.031075,
132,2019-12-05,,1984.159131,333.2686752,226.67192,498.03226,68.548215,10.43637778
132,2019-12-06,,2002.325245,333.2495346,227.38729,498.833805,68.12604444,10.37582
132,2019-12-07,,2002.386804,333.9651018,227.48268,499.25912,68.05161875,10.46963333
132,2019-12-08,,2012.579249,333.7293558,227.3730438,498.8883789,68.4916625,10.4791
132,2019-12-09,,2007.390134,333.7783693,227.6932143,499.0330077,68.3804,
132,2019-12-10,,2044.999852,335.2170161,,,68.61223333,
132,2019-12-11,424.72928,1981.01039,333.5603973,226.505,498.6634583,68.32225714,10.35221667
132,2019-12-12,,1989.629449,333.2701651,226.79168,498.47337,68.331355,10.4023
132,2019-12-13,,2013.670976,333.8262607,227.270655,498.138925,68.10769,10.5142
132,2019-12-14,,1999.961814,331.8661998,227.1869,498.2915647,68.23982941,
132,2019-12-15,428.82617,2070.932122,334.2143331,228.02132,498.8987182,68.17806,
132,2019-12-16,,,,227.73192,498.8649474,68.02603,
132,2019-12-17,,2021.363968,334.9820681,227.9913,499.3532778,68.21852105,
132,2019-12-18,421.73626,1990.381621,333.2995711,226.9772438,498.9134053,67.874925,10.37246
132,2019-12-19,419.76697,1973.168214,332.9222424,226.357395,497.968925,68.19533,10.4013
132,2019-12-20,,1998.725349,333.4689095,227.2664667,498.915645,68.01184,10.518
132,2019-12-21,,2023.88414,334.4220849,226.8107167,498.95315,67.86776,
132,2019-12-22,,2034.511263,334.278716,227.4767583,499.0332471,68.378195,
132,2019-12-23,435.91928,2070.998968,335.1009952,227.01015,499.58605,68.62629167,
132,2019-12-24,,,336.4610922,,500.0391,68.815425,
132,2019-12-25,,,336.0790091,,499.53125,68.05951176,
132,2019-12-26,,1998.951417,335.1133594,226.2204714,498.7642167,68.63944545,10.4174
132,2019-12-27,420.53281,1984.446269,333.3291249,226.86906,498.496415,67.683015,10.44861667
132,2019-12-28,429.04473,2033.9163,334.9574479,227.2351,499.4337333,67.85177,
132,2019-12-29,,,336.1193988,227.2266,499.6381625,68.171255,
132,2019-12-30,,2008.858971,,227.1975,499.0055882,68.41084211,10.3588
132,2019-12-31,,1990.497031,333.0918466,226.462555,498.243415,67.582715,10.41315
132,2020-01-01,425.050434877371,2003.196778,333.425799826601,227.050166666666,498.972144444444,68.1479875,10.4309909090909
132,2020-01-02,430.767756292577,2057.73538835714,334.666683019129,,499.874355555555,69.05985,
132,2020-01-03,,2062.04954758823,334.733846045578,,499.73575,68.4203714285714,
132,2020-01-04,,,334.713358996986,226.987133333333,499.462983333333,68.4913125,
132,2020-01-05,,2013.02943328571,333.980799124941,227.17099375,499.268270588235,68.2728368421052,
132,2020-01-06,428.597071255372,2041.85333427272,335.411251012442,,499.476126666666,67.895535,
132,2020-01-07,429.545218104842,2042.06793509999,335.231332564937,226.7794,499.1696,67.8769571428571,10.5037
132,2020-01-08,428.583873925639,,334.044348060113,225.9316,499.735333333333,68.231,
132,2020-01-09,427.235337733327,2024.327802375,333.969046650982,227.196428571428,499.770586666666,68.5271411764706,
132,2020-01-10,423.322782416906,2029.5499147647,334.427929247708,227.465514285714,499.748783333333,68.004755,
132,2020-01-11,422.477243542701,1996.221715,333.969835604868,226.702888235294,498.89064736842,68.1650352941176,10.4068333333333
132,2020-01-12,420.60975055014,1978.3929815,333.261051505542,226.776885,498.746524999999,68.2681,10.448775
132,2020-01-13,419.911848863562,1976.6992720909,333.261584744726,226.38671,498.11107,67.71858,10.3792777777777
132,2020-01-14,425.151585522638,2005.65816670588,334.074284848661,226.73554,498.781584210526,68.26824,10.4281285714285
132,2020-01-15,422.680433478654,1991.68691604347,333.337242350622,226.743589999999,498.95658,67.9066421052631,10.47705
132,2020-01-16,422.671170834836,1996.72768117647,333.94602201182,226.911753333333,499.021244444444,67.9135947368421,10.4224714285714
132,2020-01-17,422.73287836156,2005.400387375,333.994351401521,226.715271428571,499.075554545454,68.1250833333333,10.4052571428571
132,2020-01-18,421.798199308477,1983.92384833333,333.935761490745,226.629914999999,498.4113,68.2485631578947,10.3805888888888
132,2020-01-19,426.354499600193,2087.67696488888,335.705804269992,227.412733333333,499.478433333333,68.0643916666666,
132,2020-01-20,422.401854857437,1998.63034027777,333.865494985998,226.773608333333,498.905043749999,68.0580599999999,10.3965666666666
132,2020-01-21,421.527682855545,2025.00536061111,333.851322519236,226.992884615384,498.847477777777,68.4696,10.4842
132,2020-01-22,,,336.58652666445,,499.5204,67.4294368421052,
132,2020-01-23,,2054.05157352631,334.99238351911,227.52945,499.749989999999,67.3691249999999,
132,2020-01-24,,2063.671452,335.142182674966,227.37242,499.913783333333,68.4661777777777,
132,2020-01-25,,,336.612961575227,227.0243,500,68.567525,
132,2020-01-26,420.467250824729,2019.254792,335.643426708922,227.08867,499.588709090909,68.3633933333333,
132,2020-01-27,420.879840380744,1983.05109181818,333.575781389803,226.380285,498.122685,68.1395899999999,10.4524
132,2020-01-28,,2027.9822491,333.910713382225,227.028859999999,499.049077777777,68.2168916666666,10.4395
132,2020-01-29,423.04525661809,2008.29060228571,334.1003286566,226.558546666666,498.408295,68.14344,10.3742666666666
132,2020-01-30,428.764856310281,2024.23080535294,334.674398042153,226.7936,499.685899999999,67.83765,10.4034
132,2020-01-31,426.439096895745,2024.04396320833,334.254503872391,226.690238461538,499.590110526315,68.01384,10.3956
132,2020-02-01,423.057999447454,2046.6688795,334.670374230413,226.969375,499.320284615384,67.9339333333333,10.40374
132,2020-02-02,424.916222889113,2039.86879665217,334.55520157626,227.002227272727,499.713058823529,68.20526,10.4359149999999
132,2020-02-03,421.618063844544,1988.3815705,333.774514090101,226.425155,498.76032,68.2888888888888,10.40195
132,2020-02-04,421.567046874085,1994.47167510526,333.793696272048,226.478095,498.423452631578,67.520915,10.4024375
132,2020-02-05,421.534760650433,1985.58193187499,333.75300624649,226.005974999999,498.055055,67.9109699999999,10.3796947368421
132,2020-02-06,,2007.61420399999,333.565056247616,226.48444117647,498.709185,67.5784421052631,10.38642
132,2020-02-07,422.49018894482,2000.31283529411,333.80137310883,226.523415789473,498.80291,68.5229357142857,10.4321
132,2020-02-08,421.324385446844,1997.19228556521,333.350588751715,226.3924125,499.219765,68.27404375,10.4026687499999
132,2020-02-09,421.268268781069,1971.75139831578,333.206766688555,226.21979,498.462955,67.88374,10.360935
132,2020-02-10,,2081.20147375,336.031914435877,225.9941,499.1783,68.3140277777777,10.388
132,2020-02-11,428.788321072476,2026.38123672727,334.558036709658,226.84962,499.296831578947,68.07446,
132,2020-02-12,,,336.968504922262,227.0373,499.63976,67.844115,
132,2020-02-13,425.421815812063,2011.90150966666,335.019340907239,226.857388888888,499.242425,68.32448,
132,2020-02-14,,2086.74669776923,336.497854663056,,499.608375,68.1466466666666,
132,2020-02-15,,,338.170075818842,,499.3431,67.8171749999999,
132,2020-02-16,422.88158931433,1995.24544480952,333.263941048884,226.48842,498.868427777777,67.6889222222222,10.4236076923076
132,2020-02-17,422.452694000968,1990.34119383333,333.423686470179,226.496833333333,498.619679999999,67.857985,10.401805
132,2020-02-18,422.900363978649,1990.10519760869,333.681508779438,226.345995,498.657455,68.10802,10.415235
132,2020-02-19,423.7981466927,1991.28096614285,334.536231998957,226.462275,498.35271,68.3203049999999,10.4326411764705
132,2020-02-20,,,334.162006098092,226.549207692307,498.267444444444,67.6026649999999,10.4616375
132,2020-02-21,428.208871149853,2018.44398246153,334.974190428991,226.050833333333,498.798126315789,68.2310823529411,
132,2020-02-22,421.224936189051,2010.23690030769,335.080305559639,226.109357142857,498.412075,68.1576384615384,10.41748
132,2020-02-23,419.865700056082,1962.93802736363,333.60354586766,225.895164999999,498.102549999999,67.9572199999999,10.40786875
132,2020-02-24,420.677540484105,1969.1382621,333.923106395154,226.237745,498.119845,67.85025,10.3806133333333
132,2020-02-25,427.285815271385,2014.56836831578,335.149843976982,226.7331,498.650186666666,67.99664,10.4219333333333
132,2020-02-26,426.737968661706,2014.74455124999,334.767769489454,226.78,498.411211111111,68.15047,10.444875
132,2020-02-27,,2016.50370610526,334.982790888515,,,,10.431275
132,2020-02-28,,,337.141930210643,,,,
132,2020-02-29,424.21101936187,2042.51950307692,336.119507908493,,,,10.4246
132,2020-03-01,425.975672583637,2008.73826033333,334.681654592882,,,,10.4687
132,2020-03-02,424.610761084972,2004.34980438095,334.470696241237,,,,10.42035
132,2020-03-03,423.588858215532,1998.74466379999,334.949781077884,,,,10.4356555555555
132,2020-03-04,425.729469071542,2014.88806183333,334.138262356418,,,,10.43315
132,2020-03-05,424.277885115629,2002.61056029166,334.841997742245,,,,10.4426571428571
132,2020-03-06,422.320207668066,1992.55243625,334.795100127847,,,,10.4841
132,2020-03-07,,,335.877288483289,,,,
132,2020-03-08,,,,,,,
132,2020-03-09,,2032.59330999999,335.985142384592,,,,
132,2020-03-10,424.672703062705,2001.80239544444,334.454885253204,,,,10.434
132,2020-03-11,423.061863795084,1991.76694690476,,,,,10.4056833333333
132,2020-03-12,424.602304985955,2002.1525897619,334.133633991411,224.453,498.57692,68.3656199999999,10.449675
132,2020-03-13,422.19847168889,1981.47380991666,333.732525272451,224.996863157894,498.617799999999,68.711465,10.3879272727272
132,2020-03-14,422.958405946686,1983.9652718421,334.450188848838,224.427366666666,498.652126315789,68.19770625,10.4275923076923
132,2020-03-15,422.518785714174,1986.52460755,333.889282511166,224.286107142857,498.174265,68.3448684210526,10.4201272727272
132,2020-03-16,422.292698177771,1993.48214504347,333.40349937791,223.987919999999,497.295345,68.1829833333333,10.3859529411764
132,2020-03-17,422.904511450308,1991.85448804761,334.402189876916,224.191833333333,498.103455,68.3570076923076,10.41658
132,2020-03-18,424.583228063952,2014.05150161538,335.293731098679,225.085179999999,498.74763076923,68.7350666666666,
132,2020-03-19,422.601217558561,1989.56408314285,334.349956062369,224.191418181818,498.391064705882,68.3585,10.3802444444444
132,2020-03-20,423.377658599651,1982.06465279166,334.006407731269,224.415481818181,498.34989090909,68.0940399999999,10.4360235294117
132,2020-03-21,421.661303908572,1974.17032033333,334.076396881644,224.705315,498.408895,68.5938,10.47038
132,2020-03-22,424.119057844836,1977.58977591666,334.171018054613,224.422552941176,498.474309999999,68.1544636363636,10.4353555555555
132,2020-03-23,425.22277828358,1992.93711704166,334.675099456025,224.592308333333,498.3474,68.4626333333333,10.4918
132,2020-03-24,,2006.63464515789,335.73785650022,224.960833333333,499.143665,68.7085357142857,
132,2020-03-25,426.831992445534,1996.13520963636,336.370316619682,225.217619999999,498.52076,68.5120461538461,
132,2020-03-26,426.482596425599,2024.28823027272,336.426478148031,225.05005,499.260325,68.75268,
132,2020-03-27,421.490766360939,1981.9668795,334.659696187363,224.233833333333,499.141483333333,68.34035,10.4233
132,2020-03-28,422.773968574115,1976.05152604166,334.085577768271,224.492823529411,498.820915384615,68.3249235294117,10.4218916666666
132,2020-03-29,425.110753450193,2008.77914331578,334.979010552145,224.416818181818,498.801229999999,68.4322285714285,10.5212333333333
132,2020-03-30,422.759549814658,1985.941163,334.329827281528,224.5596,498.941793333333,68.531775,10.48715
132,2020-03-31,421.973851802061,1979.45536183333,334.243767927428,224.760563636363,498.320895,68.5211,10.538
132,2020-04-01,422.356458836111,,334.09926790904,224.0872,498.698552941176,68.3435555555555,10.4593625
132,2020-04-02,424.583971347326,1992.10439293749,334.718373287734,224.6281875,498.5685,68.6099263157894,10.398
132,2020-04-03,427.142358227761,2011.12582615,334.947685342923,,498.872288888888,68.4184333333333,10.52295
132,2020-04-04,422.11508627314,1976.70843475,334.361338865713,223.86858,498.8973,68.41466,10.3102909090909
132,2020-04-05,421.671753997658,1970.30994682608,334.266332028047,223.90588,498.510824999999,68.1502,10.366447368421
132,2020-04-06,422.933941919908,1971.42967668421,334.130299511198,224.19466,498.41564,68.021945,10.4189764705882
132,2020-04-07,421.794192759183,1971.15982454166,333.910503958623,225.00734,498.99253125,68.53631875,10.4021166666666
132,2020-04-08,422.791603729449,1973.68224241666,334.068611107777,224.20469,498.705319999999,68.2571,10.40724
132,2020-04-09,424.006908974458,1979.40949504347,334.359194589423,224.137075,498.5745,67.969675,10.4354
132,2020-04-10,424.961465459113,1982.38172325,335.021997259234,224.416865,498.6079,68.057335,10.47674
132,2020-04-11,424.761811762976,1976.69490604999,334.655898147753,224.4489,498.509257894736,68.228545,10.4127666666666
132,2020-04-12,426.704896911336,1992.16199359999,335.227170300464,224.62788,498.503285714285,68.067985,
132,2020-04-13,423.540149323905,1973.47896479166,334.709173718727,224.321947058823,498.8359,68.11958,10.418225
132,2020-04-14,426.503295445106,1986.79480226086,334.902659615544,224.50996,498.605826666666,67.942925,10.48446
132,2020-04-15,425.333510518107,1978.5220766923,335.10612468042,,499.4502,,
132,2020-04-16,424.174244041657,1995.4002695,334.906982521507,224.431614285714,498.4229375,67.8906333333333,
132,2020-04-17,421.65367944342,1979.2124624,334.438291494149,224.935371428571,498.625633333333,68.1165454545454,
132,2020-04-18,426.14681902699,1982.00444090909,334.604772149924,223.954657142857,498.1203,68.2775111111111,
132,2020-04-19,426.465486998768,2006.48196577777,336.465118571323,224.1079,498.338266666666,68.2714299999999,
132,2020-04-20,424.016984457842,1981.71406995652,334.875554492961,224.16635,498.051936842105,68.299095,10.448825
132,2020-04-21,422.010807204169,1960.88756116666,334.261165238991,223.58102,497.6359,68.177035,10.4359578947368
132,2020-04-22,422.273377815302,1965.41890973333,333.476508788537,223.459295,497.606104999999,68.0581,10.4333526315789
132,2020-04-23,424.248394190573,1975.44509858333,334.165111842622,223.8937125,497.563019999999,68.00715,10.54004
132,2020-04-24,422.134589733893,1965.89067029166,334.219020326093,223.896389999999,497.505784999999,68.3331285714285,10.45176
132,2020-04-25,423.737118545044,1995.86731544444,334.522750874842,224.389316666666,497.690149999999,68.238,10.574175
132,2020-04-26,423.321887072059,1969.76849641666,334.409816710848,223.995319999999,496.962559999999,68.24541,10.5002533333333
132,2020-04-27,424.947571809615,1975.5102756,334.959935872537,224.779049999999,497.4234,68.25354,
132,2020-04-28,424.118396689794,1980.30358556521,,224.331725,496.577475,68.676075,
132,2020-04-29,423.450866190859,1975.19240352173,,223.88898125,496.471995,68.3505529411764,10.5045666666666
132,2020-04-30,421.992264314164,1971.80714433333,,223.882705,496.26421,68.379165,10.5582888888888
132,2020-05-01,420.09412310925,1974.84326541666,,224.0779,497.001414999999,68.721775,
132,2020-05-02,420.690168484177,1981.33665845454,,223.978726315789,496.872505,68.4424684210526,
132,2020-05-03,425.195353534047,2000.41817787499,,224.624723529411,496.933,68.78585,
132,2020-05-04,424.524703267121,1985.75482636363,335.18580637008,224.15499,496.64562,68.3974949999999,10.43643
132,2020-05-05,424.070288674101,1995.6833886923,334.985101126662,224.139824999999,496.972425,68.2663947368421,10.5308599999999
132,2020-05-06,,2034.99406675,336.355897101586,224.3327,498.177166666666,68.47156,
132,2020-05-07,422.929496111846,1984.69922725,335.256233722755,223.654681249999,496.784285,68.2226666666666,10.5908333333333
132,2020-05-08,421.946615232617,1997.1790129,334.960280171645,224.04478,496.708815789473,68.2031214285714,
132,2020-05-09,424.967476068607,1973.99526642105,334.972904718473,224.106936363636,496.97462,68.6809461538461,10.5462857142857
132,2020-05-10,425.307910079777,1990.43375804545,335.315544880128,224.7811,497.473555,68.3723833333333,
132,2020-05-11,,2049.20254716666,337.662800466724,,498.442166666666,,
132,2020-05-12,423.007268979806,1986.10374952941,335.685621127175,223.9863,497.629261538461,68.2896,10.5654
132,2020-05-13,421.949026960712,1966.61781525,333.312597813055,224.023699999999,496.412664999999,68.236725,10.52784
132,2020-05-14,423.255266680794,1982.21940666666,334.603146978036,223.713805555555,496.559269999999,68.4372526315789,10.58426875
132,2020-05-15,424.153102926138,2015.2831686,335.79095434256,224.3631,496.924486666666,68.5089666666666,
132,2020-05-16,424.349874268269,1986.67145340909,335.259527244342,224.14665,497.214078947368,68.5361166666666,10.7095
132,2020-05-17,424.704185898604,1997.38515135714,336.245409790002,,497.75112,68.7524333333333,
132,2020-05-18,426.079802496046,2010.61928455555,337.806835699869,,497.01949,,
132,2020-05-19,420.804682497406,1966.72398342857,334.588390558463,224.1843625,496.60347,68.9388,10.5801444444444
132,2020-05-20,426.899690694822,1986.59448168749,335.264794027799,223.88904,496.812495,68.3866315789473,10.5608
132,2020-05-21,,2015.32095926666,336.612082883463,224.71,497.230864999999,68.4703214285714,
132,2020-05-22,,,336.264223218657,224.3055,497.0482,67.73749,
132,2020-05-23,419.978597292137,1977.6322320909,335.881355690311,224.292514285714,496.877241666666,66.7350916666666,
132,2020-05-24,428.444668839118,1979.93168883333,335.543808156717,224.172542857142,496.753029999999,68.13427,
132,2020-05-25,428.466957513789,1990.9754719,336.64074816299,,497.409574999999,68.639225,
132,2020-05-26,424.570625209497,2005.99744516666,336.872223158848,,496.901778947368,69.20612,
132,2020-05-27,421.251145529597,1972.30496854166,335.179253830602,,496.760555,68.8416947368421,10.7512666666666
132,2020-05-28,422.372706161206,1960.19187227272,335.478213988687,224.72025,496.727226315789,68.9125076923077,10.76445
132,2020-05-29,425.104243751051,1974.10651092857,335.526942549831,,496.929615,69.0582315789473,10.7651428571428
132,2020-05-30,423.78552104332,,336.80237732908,,497.19823125,69.0878333333333,
132,2020-05-31,427.48975580667,2025.49032114285,337.359667976265,,497.5201,68.4310428571428,
132,2020-06-01,419.715934627841,1972.56583128571,334.75610924849,224.453133333333,496.485899999999,68.7149,
132,2020-06-02,423.687559603969,2015.08714055555,335.448428177562,224.39485,496.998699999999,68.90625,10.78868
132,2020-06-03,424.297945084068,2007.44346863157,335.028684592294,224.4065,497.013566666666,,
132,2020-06-04,418.860826980284,1964.55510141666,334.273363295899,223.297985714285,496.7880375,,10.7473599999999
132,2020-06-05,418.110631120835,1956.94327008333,335.70671066936,223.234269230769,496.65253125,,10.7572499999999
132,2020-06-06,,,336.712022950091,,497.760542857142,,
132,2020-06-07,422.147296074219,2009.79530564285,336.597755027655,,497.59864,69.47006,
132,2020-06-08,,,335.334335523594,224.615,496.931645,68.01085,
132,2020-06-09,,,337.625882996133,,497.277891666666,68.82315,
132,2020-06-10,,,336.863200207992,223.060366666666,496.824384615384,69.0833,
132,2020-06-11,,,,222.905,496.794841666666,69.2448866666666,10.7253
132,2020-06-12,420.984390937188,,335.650100455101,223.830859999999,496.386689473684,68.67346,10.6889666666666
132,2020-06-13,,,,,496.8436,69.25854,
132,2020-06-14,421.664646874023,1961.16554585714,335.206982186183,224.1841,497.231073333333,69.42732,
132,2020-06-15,418.31169763147,1959.29104338095,335.603931323435,,496.88162,69.1319111111111,10.73835
132,2020-06-16,,2031.07289529411,,,497.4214,,
132,2020-06-17,,,,,497.246233333333,,
132,2020-06-18,413.584917599678,,335.774153209503,223.647277777777,496.47624117647,69.28537,10.7615166666666
132,2020-06-19,411.738752736609,,337.300967335492,,497.237299999999,69.0806333333333,
132,2020-06-20,410.467223539365,2027.61766664285,336.353112636756,,497.049636842105,69.2647166666666,
132,2020-06-21,416.062520325317,,336.696326966408,,497.258021428571,69.45379,
132,2020-06-22,,,335.946296776116,,497.215746153846,68.9280444444444,
132,2020-06-23,,,337.129135618843,,496.62874375,68.9657111111111,
132,2020-06-24,412.853330244559,2028.15281114285,335.031473610897,224.072191666666,495.977410526315,68.8040684210526,10.78065
132,2020-06-25,414.48950031549,1997.3753943125,335.703991543842,223.767025,496.4983,68.740725,10.79945
132,2020-06-26,415.798117330226,1984.7419349,335.644051773801,223.7857,496.326805555555,68.7091333333333,10.758225
132,2020-06-27,,,336.921041229197,,496.866311111111,69.49585,
132,2020-06-28,420.180017309101,2058.60827753846,336.110200581513,,496.658,,
132,2020-06-29,422.697824227457,,337.582851333793,,496.202347058823,69.6435166666666,
132,2020-06-30,408.917154514083,1999.92558361111,335.506880430589,223.13842,495.673946666666,69.1813214285714,10.6438399999999
132,2020-07-01,409.622639340529,2025.80139688888,335.495964126521,223.400919999999,495.560564285714,68.9573,10.6023333333333
132,2020-07-02,417.477621224477,,,,496.5065,,
132,2020-07-03,,,,,496.984853333333,68.4194727272727,
132,2020-07-04,,,,,496.420645454545,69.3424874999999,
132,2020-07-05,418.145295615089,2052.50828022222,335.982095084953,,496.005609090909,69.1381,
132,2020-07-06,,,336.69028917549,223.7066,496.254168421052,69.096535,
132,2020-07-07,411.96188363963,2026.97495614285,335.804679773986,223.60655,496.24803,69.255185,
132,2020-07-08,414.515645199711,2052.22495453333,336.20121414781,,495.829126666666,69.4442066666666,
132,2020-07-09,,,337.938020787662,,496.51854,69.7216333333333,
132,2020-07-10,,,337.643075411768,,496.506699999999,69.4894272727272,
132,2020-07-11,,2078.159428,336.548820334693,,496.711613333333,69.5221153846153,
132,2020-07-12,415.418858244631,,337.866672706858,223.32765,496.2608,69.06706,
132,2020-07-13,412.257877518604,2019.66816539999,334.976990515904,222.987592307692,495.566944444444,68.9904352941176,
132,2020-07-14,,2030.13857205882,335.424428180937,223.031533333333,495.909693333333,69.0903157894736,
132,2020-07-15,,,335.068131479444,222.98875,495.975526315789,68.7391055555555,
132,2020-07-16,,2005.4369952,335.91384844622,,496.067826315789,68.68184,10.671
132,2020-07-17,,1983.50164044444,335.055418674443,,495.62577,69.1153,
132,2020-07-18,,,335.777079565413,,495.785021052631,68.6392368421052,
132,2020-07-19,415.42263290792,1944.56258369999,334.904057529099,222.355,496.15736875,68.8732388888888,10.4829666666666
132,2020-07-20,412.785635527059,1984.27935861111,,222.35558,496.22848,69.01678125,10.54638
132,2020-07-21,413.966627757137,2061.54166044444,,,496.50890625,69.15706,
132,2020-07-22,409.977088602691,,335.656958900605,,496.2477,69.3105,
132,2020-07-23,,2047.04168528571,336.149688693425,,495.669593333333,69.27720625,
132,2020-07-24,413.562747282036,2036.48201353846,335.22289662292,223.2543,495.279215789473,69.2470944444444,
132,2020-07-25,,2035.43940079999,,,496.32981,69.1749857142857,
132,2020-07-26,413.39100908154,2010.719251375,,222.4512,495.545735,68.942675,
132,2020-07-27,,,,222.881174999999,495.299917647058,68.7070875,10.5843
132,2020-07-28,,,336.545897692951,,496.238386666666,69.497794117647,
132,2020-07-29,414.942958452178,,334.547661615687,222.466806666666,496.14296,69.4830133333333,10.5613
132,2020-07-30,415.694791458599,1889.9420027,334.358417289882,222.037266666666,495.885686666666,69.07205,10.4520111111111
132,2020-07-31,414.740505467001,1891.729933125,334.294658866736,221.788364999999,495.2021,68.82139,10.44553
132,2020-08-01,414.221926312641,1919.59857145454,334.164078020771,221.915289473684,495.28581,69.1131499999999,10.44192
132,2020-08-02,414.246008979248,1868.87029029166,333.58792855265,221.607855,495.316209999999,68.862355,10.42802
132,2020-08-03,414.64908016112,1870.78511981818,333.92373629416,222.051885,495.741929999999,68.9288882352941,10.4396210526315
132,2020-08-04,414.872062086868,1899.6418953,334.067668732951,221.986524999999,495.328731578947,68.889135,10.41692
132,2020-08-05,,,334.748346887426,222.32968,495.170073333333,69.0215631578947,10.4334894736842
132,2020-08-06,415.025069452362,1896.49280185,333.903328041547,222.446336363636,495.402979999999,69.0255777777777,10.4985642857142
132,2020-08-07,,,335.931369995439,,495.5870125,69.2787666666666,10.58528
132,2020-08-08,,,335.023464886162,222.6058,496.51046,69.2739,
132,2020-08-09,413.603091739975,1865.88376399999,333.696687981983,221.660178947368,495.578569999999,68.9182299999999,10.4161333333333
132,2020-08-10,415.263119141686,1902.56350329999,334.182600418782,221.782455555555,495.145,68.81225,10.28096
132,2020-08-11,,1910.21929985714,334.720678878208,222.577,496.21365625,69.3726,
132,2020-08-12,414.7330272611,1873.16122545454,333.712090696133,221.10353,494.81786,68.56028,10.4103199999999
132,2020-08-13,414.146982838237,1876.77651864285,333.558983231773,221.883419999999,495.830099999999,68.66432,10.5336166666666
132,2020-08-14,415.372688405565,1909.42074692307,334.190177884993,221.674323076923,495.44225,68.7785714285714,10.5219571428571
132,2020-08-15,413.51801490881,1874.77152308695,334.056340787868,221.857733333333,495.837327777777,68.9545692307692,10.3703624999999
132,2020-08-16,413.22281631596,1867.86828329166,333.757865768433,221.85027,495.273635,68.848645,10.3961299999999
132,2020-08-17,412.980958534932,1873.14644341176,333.666100707274,221.807735,495.33288,68.970475,10.4538099999999
132,2020-08-18,413.063026941478,1869.2708630625,,221.68629,495.34001,68.765225,10.449265
132,2020-08-19,413.779688109781,1871.23732685714,,221.704923529411,494.71437,68.74228,10.4556928571428
132,2020-08-20,413.733261846514,1858.81439942857,,222.002583333333,495.50916,68.934775,10.4460368421052
132,2020-08-21,,,,222.122884210526,495.58179,68.976225,10.4367
132,2020-08-22,,,335.001551158833,222.407733333333,496.497894736842,68.8356333333333,
132,2020-08-23,,,335.367065288119,222.51045,496.324329999999,69.11074,
132,2020-08-24,,,336.569431234247,,496.423284615384,68.7625583333333,
132,2020-08-25,,,335.514682929853,222.8508,495.992293333333,68.823235,10.5748
132,2020-08-26,413.990778621025,1968.1761080909,335.386457382034,,495.885129999999,68.45704375,
132,2020-08-27,417.965148952411,1963.60583086666,334.787015719554,,495.7497625,68.7596333333333,
132,2020-08-28,415.616286950276,1930.4835199,334.218513180852,221.988742857142,495.905245454545,69.137725,10.539175
132,2020-08-29,413.495658215288,1890.16802866666,335.317313629591,221.8958,495.9781,68.8491153846153,10.4193636363636
132,2020-08-30,412.868663804979,1881.07042917647,333.575989945592,221.351015789473,495.139065,68.7753449999999,10.3894549999999
132,2020-08-31,,,,,496.129035294117,69.13192,10.4948
132,2020-09-01,,,,,495.850091666666,68.9463249999999,
132,2020-09-02,,,,,496.2446,69.0641692307692,
132,2020-09-03,411.645670310081,1966.7933085,334.626785471425,222.1938,495.317578571428,68.675047368421,
132,2020-09-04,408.846574531057,2041.55797494117,334.135497900677,222.73835,495.552465,68.974025,
132,2020-09-05,,,336.942071718303,,496.467,68.83491875,
132,2020-09-06,,,335.938692564374,,495.491292857142,68.66963,
132,2020-09-07,411.317615231646,2018.169976,334.876909951203,,495.45073125,68.9735411764705,
132,2020-09-08,412.22779460534,2100.75685333333,336.308463431842,,496.402216666666,,
132,2020-09-09,412.150294910044,2062.59842927272,335.762879436246,,496.31874,69.4289,
132,2020-09-10,413.925216571867,2071.089176,335.563747302229,,496.654499999999,,
132,2020-09-11,,,337.817620825355,,496.144644444444,69.2624,
132,2020-09-12,418.572239270658,2061.28018566666,335.461405069462,,495.441025,69.253075,
132,2020-09-13,416.21814297618,2043.97302788235,334.9242911748,222.880949999999,495.490422222222,68.924247368421,
132,2020-09-14,412.122123580371,2001.44359138461,334.27212141722,223.16168125,495.333035,69.11718,10.6329
132,2020-09-15,,2062.45030242857,335.906284737753,,495.106563157894,69.049325,
132,2020-09-16,413.399481012197,,335.784581451983,,495.643872222222,69.3436076923076,
132,2020-09-17,417.527685173552,2028.447865875,334.742227343604,223.2741,495.239525,68.958475,10.60398
132,2020-09-18,416.807850181696,2017.9362715,334.256022085426,223.16895,495.03856,68.951194736842,10.6272666666666
132,2020-09-19,414.792351513755,2035.49640395,334.857232030279,,495.696352631579,68.8877538461538,
132,2020-09-20,414.813544891391,2012.74806057894,334.310879317141,223.2375875,495.193495,68.887015,10.62965
132,2020-09-21,,,335.405147581239,223.01108,494.77572,68.9113,10.6532
132,2020-09-22,,,335.57725766365,,,,10.6568333333333
132,2020-09-23,420.413846660035,2071.981758,335.06858052534,,,,10.671
132,2020-09-24,419.402566925798,2053.9572565,335.377509986919,,,,
132,2020-09-25,420.326816723578,2044.08490433333,335.434006736269,,,,
132,2020-09-26,419.442023917079,2037.91124547058,334.728614369154,,,,
132,2020-09-27,417.299300878983,2032.446305,334.871035248804,,,,
132,2020-09-28,,,335.792682508168,,496.4878,,
132,2020-09-29,414.397304845663,1988.91183209999,336.055071965535,223.6759,495.746116666666,69.0461357142857,
132,2020-09-30,417.823420205591,2013.40961627272,334.69422355091,223.794899999999,495.6237,69.2507888888888,
132,2020-10-01,417.020455550423,2006.2375295625,333.977760480164,223.818899999999,495.32292,69.16155,10.6209
132,2020-10-02,415.159255677056,1985.58010360869,334.103238685537,223.560314285714,494.580563157894,69.1711842105263,10.6405625
132,2020-10-03,415.191797251972,,,224.03175,495.769939999999,69.0573333333333,
132,2020-10-04,,,,,,,
132,2020-10-05,418.375764103252,1998.46913653846,,222.7722,495.0769,68.40608,10.432309090909
132,2020-10-06,417.402682768213,2011.853114,,223.2970375,494.692644999999,68.4326947368421,10.4757733333333
132,2020-10-07,,2062.51008509999,,223.523575,495.301609090909,68.7440125,10.53245
132,2020-10-08,416.350648908192,2040.90488349999,335.286854873492,223.992583333333,494.511678571428,68.4198529411764,
132,2020-10-09,416.887878167998,2022.70715994444,334.190712225558,224.039171428571,495.164825,68.6667299999999,
132,2020-10-10,,2011.907532,334.246622715711,223.730675,495.301685,68.7732529411764,10.5904
132,2020-10-11,,2049.09437405555,335.392059303476,,495.444631578947,68.4694411764706,
132,2020-10-12,415.339526298335,2004.3436085,334.490672959884,222.945914285714,495.26451,68.6710333333333,10.4567571428571
132,2020-10-13,415.119735807802,1996.36170347619,,223.090261111111,494.618705,68.3136263157894,10.4289588235294
132,2020-10-14,414.04210481191,2002.95621714285,,223.16322,494.534589999999,68.307525,
132,2020-10-15,,2027.49932131578,,222.870842857142,495.47744,68.48996,
132,2020-10-16,,,336.149409756057,223.6149,496.118277777777,68.9018933333333,
132,2020-10-17,,2011.572612375,334.974053191856,223.534875,495.764528571428,68.709525,10.61205
132,2020-10-18,421.489471149298,2012.8656442,335.020883633949,224.08328,495.544621052631,69.0458399999999,10.6193333333333
132,2020-10-19,,2100.29358116666,337.017681625062,,495.825922222222,69.21034,
132,2020-10-20,,,337.569403199913,,496.099314285714,69.0283666666666,
132,2020-10-21,,2079.05389542857,338.27949400834,,,68.9658,
132,2020-10-22,416.959755300317,1991.93434724999,334.573973984092,223.293761538461,494.88502,69.2114499999999,
132,2020-10-23,419.094630105307,2006.151109375,333.970443353212,223.431822222222,495.1175,69.06477,
132,2020-10-24,418.35369960646,2001.96526804545,333.849334653284,,,,
132,2020-10-25,421.749157752874,2005.86980295652,334.541566134137,,,,
132,2020-10-26,425.212288113229,2023.60704599999,335.941554895821,,496.072,,
132,2020-10-27,425.884753460624,2026.19534999999,335.307802479489,,495.75772,68.9347,
132,2020-10-28,417.102913701296,2003.89174616666,334.756664036743,223.307891666666,495.185647058823,68.45306875,10.4561428571428
132,2020-10-29,420.13439994587,2001.0026760909,334.42786079982,223.468292857142,495.193164999999,68.5670882352941,10.5750692307692
132,2020-10-30,,2053.20204533333,335.531982519546,223.70795,495.8535,68.9343125,10.524925
132,2020-10-31,421.69052177785,2019.6328064,335.394674036701,223.64042,495.014266666666,68.242135,
132,2020-11-01,420.975214024101,2028.23704018749,334.878053526777,223.379366666666,494.636257142857,68.1426066666666,
132,2020-11-02,420.179463131494,2000.89043321428,334.804520796443,223.132309090909,495.225505555555,68.48948125,
132,2020-11-03,421.01187771367,2005.03943564285,334.537409454332,222.789717647058,494.779277777777,68.6083777777777,
132,2020-11-04,420.654309777115,1998.18581036363,336.769716703838,222.928236842105,495.370672222222,68.1387157894736,
132,2020-11-05,,2007.27645828571,334.880731144131,223.154225,495.089639999999,68.4619894736842,
132,2020-11-06,,2054.04130949999,335.475971980707,,495.604263636363,69.0223272727272,
132,2020-11-07,,2063.9620195625,335.639030344954,,495.337057142857,69.1688499999999,
132,2020-11-08,420.677647602436,2001.28477163636,333.88780824473,222.699742857142,495.271516666666,68.39835,
132,2020-11-09,420.667354559573,2010.3907998,334.421160631055,223.106758823529,495.326036842105,68.5545416666666,
132,2020-11-10,420.921858767656,2014.36411127777,334.114586698427,223.418227272727,495.795777777777,68.4649117647058,
132,2020-11-11,422.482339072223,2041.54034688888,335.218760201691,223.562924999999,495.653672222222,68.613623076923,
132,2020-11-12,,2077.71010177777,334.985292430624,,496.12670625,68.6133083333333,
132,2020-11-13,,2025.45397158333,335.381855751895,223.6572,495.4378125,68.7024454545454,
132,2020-11-14,,2042.27434329999,336.673255096443,,495.559322222222,68.8328,
132,2020-11-15,,2042.78932266666,336.286474573247,,496.152439999999,68.3016714285714,
132,2020-11-16,,2058.74529685714,336.218182105815,,496.01335,,
132,2020-11-17,,,337.227502867733,,,,
132,2020-11-18,423.058461333046,1977.24581217391,334.347787341211,223.299023076923,495.345294736842,69.0599533333333,
132,2020-11-19,416.449943695127,2009.10453965,334.359066742366,223.245644444444,495.821521428571,69.0835285714285,
132,2020-11-20,422.156493096646,2003.67956991666,334.04065441963,223.092213333333,495.352965,69.07054375,
132,2020-11-21,427.370516925367,2036.57454092857,335.543411507719,223.2469,495.633011111111,68.86544,
132,2020-11-22,421.990350175502,1996.75148721739,334.390038565161,222.916893749999,495.1251,68.8124769230769,
132,2020-11-23,422.496421650619,2000.40633883333,334.182251508673,223.217694444444,495.757710526315,68.3098555555555,
132,2020-11-24,422.169951527974,2000.77770199999,334.466240889275,222.833528571428,495.018363157894,68.4919294117647,
132,2020-11-25,427.980799168541,2009.9565598,334.459640750893,222.969425,495.578675,68.3096428571428,
132,2020-11-26,427.815310387396,2015.80567916666,335.23775375034,223.290533333333,495.565476923077,68.95072,
132,2020-11-27,423.88438251091,2005.53416704545,334.175171351026,223.105661538461,495.348113333333,68.9232928571428,
132,2020-11-28,422.20194856423,2001.06952291666,334.177137858157,222.850925,495.369679999999,68.52312,
132,2020-11-29,422.243895183895,1999.44621814999,334.354208636966,222.71155,495.05173,68.7704333333333,
132,2020-11-30,421.248958895621,2003.31706063157,334.423304588789,222.824723529411,494.75475,68.383865,
132,2020-12-01,,2009.87484653333,334.863171649117,222.838227272727,495.547617647058,68.571847368421,
132,2020-12-02,421.65876472373,1993.21096028571,334.182000175201,222.474794117647,495.286617647058,68.3295333333333,
132,2020-12-03,418.740447518405,1984.18323961111,334.298296969497,222.749022222222,495.66583,68.3167909090909,
132,2020-12-04,421.522696497209,1999.68124636842,334.233853357252,222.482955,494.743294736842,68.497925,
132,2020-12-05,422.321057467215,2002.704243,334.606992968356,222.675958333333,495.294464999999,68.6808,
132,2020-12-06,423.633868340689,2032.98501927272,334.888757948351,,495.399752631579,68.9752727272727,
132,2020-12-07,424.124819191976,2047.66041307692,335.000637312349,222.536566666666,495.5691,69.2226666666666,
132,2020-12-08,421.391778402857,1992.96741122727,334.276673158127,222.58784375,495.162816666666,69.0185266666666,
132,2020-12-09,,2020.8462541,334.743386560871,223.285511111111,495.080721052631,69.1019923076923,
132,2020-12-10,,2037.07318566666,335.195700652924,,495.753584615384,69.0905538461538,
132,2020-12-11,,2117.69549912499,336.846247981994,,496.2835,,
132,2020-12-12,426.67008803182,2005.12717605882,334.371232699825,223.103458333333,495.828249999999,69.1723722222222,
132,2020-12-13,422.216853416415,2012.04289807142,334.45925837971,222.382609999999,495.04729375,68.9969375,
132,2020-12-14,421.969867839052,2012.73602166666,333.984756113118,222.38173,495.01338,68.77178,
132,2020-12-15,423.954085300926,2018.08112475,334.058554801273,222.628915,495.048494736842,68.6599555555555,
132,2020-12-16,421.178862903015,2008.46097283333,334.111052734826,222.571234999999,494.982085,68.5782117647058,
132,2020-12-17,,2022.44752388888,334.579368615343,222.79223,495.0207,68.7603909090909,
132,2020-12-18,423.018505865109,2018.23976693749,334.598838367622,223.277318181818,495.583666666666,68.9598636363636,
132,2020-12-19,422.903504830912,2006.3768284,334.166095685357,222.69452,494.928634999999,68.28457,
132,2020-12-20,422.058289376091,2003.7762645238,334.176311480314,222.496158823529,494.589670588235,68.5166764705882,
132,2020-12-21,,,335.145302286505,223.189358333333,495.4552,68.933675,
132,2020-12-22,423.538382139712,2003.29971594117,334.709356557948,223.13807,495.179139999999,68.9698933333333,
132,2020-12-23,429.753324706101,2087.56280335294,335.740205875545,,495.930077777777,69.4231,
132,2020-12-24,420.366628867291,1995.6751846923,334.114865522978,222.216511111111,495.341406666666,69.1975,
132,2020-12-25,423.21392359885,2004.40864381818,334.109837738876,222.58587368421,495.368114999999,68.9990799999999,
132,2020-12-26,427.840833521802,2059.67542689473,334.808891348234,223.254883333333,495.847153333333,68.98745,
132,2020-12-27,424.286029967241,2047.123454,335.541459062808,222.8116,495.45689375,69.1464266666666,
132,2020-12-28,428.905523130277,2079.40773813333,336.024374918526,223.31225,495.037191666666,69.0082272727272,
132,2020-12-29,424.415618172243,2032.90645429999,335.259966209514,222.742014285714,495.161822222222,69.11555,
132,2020-12-30,422.995456173743,2007.51746420833,333.979187912598,222.28945,494.775433333333,68.8644049999999,
132,2020-12-31,,2019.13097488888,334.244709587243,222.543106666666,495.007447058823,68.9495,
132,2021-01-01,430.1875407,,334.424381020964,222.372022222222,495.010811764705,69.0786428571428,
132,2021-01-02,424.849542,2009.580963,334.876672033077,223.147594117647,495.325709999999,69.0632055555555,10.3407166666666
132,2021-01-03,429.6057387,2010.727742,334.382981044844,222.471168421052,494.901516666666,68.7984499999999,10.3220125
132,2021-01-04,,,335.069832786358,223.027666666666,495.368572222222,69.1424615384615,
132,2021-01-05,420.8206268,1980.463233,334.320775008466,221.963184615384,494.949312499999,68.9872176470588,10.2008083333333
132,2021-01-06,419.8494627,1975.403781,334.435816978276,222.35105,494.935439999999,68.9414777777777,10.1834199999999
132,2021-01-07,423.411208,2013.113798,333.745045160493,221.92876,494.499154999999,68.7566849999999,10.16916
132,2021-01-08,427.2156185,2017.939501,334.19322309657,222.587247058823,495.359172222222,69.2982882352941,10.2701714285714
132,2021-01-09,425.7298825,2038.547042,334.401862045599,222.71077,495.143975,69.38264375,
132,2021-01-10,,,334.856501258047,222.740955555555,495.163968421052,68.9730649999999,10.3202
132,2021-01-11,,,335.28002130282,222.823466666666,495.67468125,69.3332166666666,10.322
132,2021-01-12,423.8169919,2022.944576,335.515762433094,222.122025,495.454935714285,69.11794,10.293
132,2021-01-13,427.1989638,2034.248394,335.014673489979,222.527225,495.33859,68.8965625,10.2702
132,2021-01-14,426.5231679,,335.666126671079,223.1049,495.6743,69.32385,
132,2021-01-15,428.8520177,2022.74392,334.832382153961,223.2152,495.488757142857,69.4329499999999,
132,2021-01-16,424.5744152,2004.788756,334.368766969488,222.367715384615,495.388657142857,68.92344,10.2072285714285
132,2021-01-17,423.7749663,2002.199707,334.233304406457,222.183088235294,494.830394444444,68.8049499999999,10.2031
132,2021-01-18,422.8008532,2005.426175,334.947382985282,221.692799999999,494.728072727272,69.1052454545454,10.2243714285714
132,2021-01-19,,2006.64043,334.373028198101,222.219113333333,494.725519999999,68.99836,10.2743875
132,2021-01-20,,1980.990341,336.152276119546,222.6429,495.574633333333,69.1152117647058,
132,2021-01-21,428.6434765,,335.23148136293,222.6419,494.984393749999,69.0014176470588,
132,2021-01-22,,,336.044643082444,,495.5538625,69.47385,
132,2021-01-23,429.0856937,2036.377689,337.090109906684,,495.617319999999,69.25048,
132,2021-01-24,428.711381,2046.385074,335.943088216281,,495.069342857142,,
132,2021-01-25,429.6774629,2038.148933,335.708421018499,222.9665,495.548042857142,69.45998,
132,2021-01-26,,2023.5735,335.886905533531,,495.692973333333,69.4407166666666,
132,2021-01-27,,2016.772776,334.725845321009,222.466078571428,495.795774999999,69.0718,10.274609090909
132,2021-01-28,423.243549,2010.000051,334.744029747169,222.089392307692,495.3731875,69.0932875,10.1951333333333
132,2021-01-29,424.3215745,2017.145811,334.079812936305,221.82085,494.537095,68.94542,10.14316
132,2021-01-30,429.2471692,2042.134099,335.596725163368,222.706714285714,495.256847058823,69.066925,10.19
132,2021-01-31,426.1855277,,335.265025540973,222.590524999999,495.258394444444,69.6032999999999,
132,2021-02-01,422.2326224,,335.574174514195,222.774533333333,495.603681818181,69.3721833333333,10.3371
132,2021-02-02,426.5137364,2040.653075,334.101910747804,222.2708,495.0816,69.047025,10.2779999999999
132,2021-02-03,426.8115389,2032.237367,334.660008569086,222.459005555555,495.282334999999,69.010005,10.1958799999999
132,2021-02-04,422.9811508,1999.479629,334.248476609412,221.771733333333,495.00643,68.9010333333333,10.2931999999999
132,2021-02-05,423.4620281,1989.876552,334.161280145336,222.045079999999,494.894174999999,68.95665,10.2384388888888
132,2021-02-06,422.7346187,2028.49983,334.910917989673,222.68882,494.949199999999,69.0482,10.2682333333333
132,2021-02-07,427.1032962,2023.979445,336.487432995091,222.21432,495.3798,69.07422,10.2355166666666
132,2021-02-08,428.3091517,2042.713476,334.43269724117,222.19567,495.324378947368,68.9325299999999,10.2229615384615
132,2021-02-09,427.4669019,2029.536685,334.325775603271,222.051814999999,494.840144999999,69.06282,10.2861916666666
132,2021-02-10,428.9745825,2029.732689,334.817874807952,222.328153333333,494.787577777777,68.92102,10.271125
132,2021-02-11,427.8696828,2022.948289,335.28563451191,222.826575,495.005894999999,,10.29812
132,2021-02-12,,,337.511757014448,,495.788784615384,,
132,2021-02-13,,,338.299068703702,,495.9516,,
132,2021-02-14,,,339.225193493491,,496.253816666666,69.4983499999999,
132,2021-02-15,424.3372438,2007.43887,334.609649975234,222.050583333333,494.9908,69.1902454545454,10.180575
132,2021-02-16,425.7449381,2011.824976,334.227978793219,221.850544444444,494.1788125,69.1970842105263,10.196895
132,2021-02-17,426.3443693,2028.474584,334.415467053846,222.06732,495.174333333333,69.0741,10.1904684210526
132,2021-02-18,424.7471868,2011.654096,334.428044710298,221.964215,494.982384999999,68.9993,10.19702
132,2021-02-19,427.3329551,2017.836193,334.849383557281,222.305378571428,494.929104999999,69.1120066666666,10.2415181818181
132,2021-02-20,431.2538463,2041.29826,336.164054451543,,496.101799999999,,
132,2021-02-21,428.5877278,2022.511835,335.822955079046,222.7154,495.844090909091,,
132,2021-02-22,423.7395575,1997.655082,334.883498512874,222.049619999999,494.796644444444,68.78656,10.23086
132,2021-02-23,426.473108,2018.884512,334.367117349203,221.68986,494.797524999999,68.86921,10.3282888888888
132,2021-02-24,430.3865121,2033.231873,335.39560767079,221.826937499999,495.627815789473,68.9001533333333,10.32148
132,2021-02-25,,,337.862315268187,,495.691474999999,69.3377666666666,
132,2021-02-26,,,336.92616678508,222.0202,495.3128875,69.1740857142857,
132,2021-02-27,424.3735838,2018.180607,334.757746389612,222.233252941176,494.9876,69.0417749999999,10.17376
132,2021-02-28,425.6863902,2023.330896,334.726159988754,222.181335294117,494.766774999999,68.9323,
132,2021-03-01,,2045.213335,336.063906898672,,495.076355555555,69.3352615384615,
132,2021-03-02,426.3260593,2003.073007,334.578353905271,222.03225,494.38387,69.0551210526315,10.1960642857142
132,2021-03-03,426.1684426,2003.136436,336.361221681645,222.116946153846,494.581777777777,69.0853611111111,10.18705
132,2021-03-04,,,336.095553165073,222.611699999999,495.079655,68.9378055555555,
132,2021-03-05,423.6299527,2014.243197,336.187147011397,222.152433333333,495.155406666666,69.1308833333333,
132,2021-03-06,428.5666069,2005.504805,335.67429544731,222.386975,495.116768749999,69.390975,
132,2021-03-07,428.5728458,2037.471103,335.497771729988,222.775211111111,494.93018,69.1507999999999,
132,2021-03-08,,,335.591750324541,222.4581,495.302794999999,69.14068,10.3688
132,2021-03-09,429.073386,2010.026964,334.770872921899,222.567805882352,494.627445,69.03137,
132,2021-03-10,428.9397452,,335.379972528058,,495.385644999999,69.0457625,
132,2021-03-11,,,337.380076463213,,495.782129999999,,
132,2021-03-12,,,336.95521125877,,495.2603,69.38495,
132,2021-03-13,,,337.20228007291,,495.391053333333,,
132,2021-03-14,,2036.598606,337.028947203071,,495.7335,,
132,2021-03-15,429.3325183,2007.85465,337.013901468067,,495.440663636363,,
132,2021-03-16,425.4510859,2008.102733,334.839396322304,222.100192307692,495.007715,69.1267166666666,10.2790857142857
132,2021-03-17,425.6310357,1999.001993,335.099083171434,222.003068421052,494.771709999999,68.9711944444444,10.3331076923076
132,2021-03-18,,2031.72067,336.002645143034,222.60636,494.8599125,69.1217388888888,
132,2021-03-19,,,336.182923017715,222.280085714285,494.790355,68.938175,
132,2021-03-20,,,336.521728754738,222.55146,495.037961111111,69.0487636363636,
132,2021-03-21,426.149317,2009.064916,334.727725450956,221.963274999999,495.11165625,69.3599571428571,10.2350749999999
132,2021-03-22,427.309862,1997.515049,334.828767767751,222.08351,494.5969,69.241009090909,10.3192416666666
132,2021-03-23,423.109933,2030.661413,336.477358512287,,495.628905882353,69.3356,
132,2021-03-24,423.9168975,2007.510711,334.821937072664,221.923254545454,494.757721052631,,10.3652111111111
132,2021-03-25,427.0587785,1990.596833,334.982047577115,222.466954545454,494.50092,,10.3136999999999
132,2021-03-26,433.515392,2027.951151,336.844566191128,222.8396,494.879433333333,,
132,2021-03-27,424.3034033,1992.338068,335.142696123912,222.191499999999,494.466225,68.6924846153846,10.3988
132,2021-03-28,430.3217652,2009.649034,335.557380189378,222.87875,495.085084999999,68.6774799999999,
132,2021-03-29,,,338.574620406549,,496.01765,,
132,2021-03-30,425.2863338,1989.045218,334.859472910739,222.081481818181,494.712494999999,69.0285416666666,10.3183777777777
132,2021-03-31,,,335.79007462191,222.352375,494.419205882352,69.2185166666666,10.4795666666666
132,2021-04-01,425.1808118,1999.666193,335.760448891631,222.288361538461,494.509589999999,69.182647368421,10.4714428571428
132,2021-04-02,426.5006457,2004.082655,335.768338715811,222.03598,493.63719,69.14765,10.3697384615384
132,2021-04-03,434.5501119,,336.911206212772,,494.847683333333,68.9629526315789,
132,2021-04-04,426.9188289,1995.604278,335.524897478467,222.087866666666,494.503074999999,69.13334,10.4088
132,2021-04-05,428.1716424,2005.501156,336.162363409328,222.263735714285,494.147664705882,69.0237149999999,10.4585666666666
132,2021-04-06,427.5989736,2010.953418,335.534802811444,222.298277777777,494.483245,69.1562666666666,10.4192833333333
132,2021-04-07,433.3252308,2026.539098,336.339300402169,,495.176354999999,69.44832,10.544
132,2021-04-08,427.2005623,1996.153018,334.849081898414,222.137952631579,494.943689999999,68.93426,10.3738555555555
132,2021-04-09,425.5750107,2004.180962,336.03786527788,222.3696375,494.803152941176,69.1351222222222,10.36234
132,2021-04-10,434.0311415,2020.693055,336.009887352558,222.700753846153,495.060894117647,68.535005,
132,2021-04-11,,,336.45019095575,222.53782,494.661454999999,68.5908105263157,
132,2021-04-12,426.1911309,1988.568258,335.885054152276,222.382825,494.100955,68.993105,10.469275
132,2021-04-13,426.8064156,1998.503628,334.939042800753,221.771264705882,494.299815789473,68.998015,10.3115733333333
132,2021-04-14,426.6762631,1999.940988,334.538646138193,222.202514999999,494.176644999999,69.025065,10.383909090909
132,2021-04-15,428.3890575,,335.587374549047,222.567885714285,494.371054545454,69.157909090909,10.446655
132,2021-04-16,425.3531776,1994.559315,334.538318756266,222.14071,493.31564,69.13905,10.57605
132,2021-04-17,425.6828283,2000.816758,335.259652716797,222.567904999999,493.72356,69.1589375,10.4417052631578
132,2021-04-18,428.8651851,2008.698421,334.770206467461,222.42044,494.07141,69.04201,10.3051399999999
132,2021-04-19,426.7986051,2007.124947,335.292842112434,223.26235,494.757584999999,,10.7015714285714
132,2021-04-20,428.304108,,335.441245315816,222.6479,494.400266666666,,10.6455
132,2021-04-21,,,336.618921486593,222.4548,494.483768749999,,10.8047
132,2021-04-22,,,337.163947051883,,494.531582352941,69.7737,
132,2021-04-23,423.9838047,,334.900963891007,221.821133333333,493.942583333333,69.0602235294117,
132,2021-04-24,427.2789128,1994.424101,334.890129484755,221.639399999999,493.695327777777,69.0563315789473,
132,2021-04-25,425.4653705,,335.690699074476,221.951444444444,494.31847,69.1322888888889,
132,2021-04-26,424.8673022,1996.767274,334.978366425049,221.745199999999,493.68654,69.00635,
132,2021-04-27,423.7430415,1977.340545,335.519605182528,221.8626,494.350788888888,68.80596,
132,2021-04-28,,,336.09524056721,221.325175,494.64544375,68.9380333333333,
132,2021-04-29,428.8231093,,336.654255807413,,494.6125,,
132,2021-04-30,427.6682941,2005.650501,334.945809044934,222.733741666666,493.397682352941,68.8230647058823,
132,2021-05-01,428.7293534,1996.166247,335.038683813475,222.245483333333,493.805025,68.492935,
132,2021-05-02,426.8870488,1993.509258,334.717565703283,221.67995,493.643042105263,69.006435,
132,2021-05-03,429.4405775,2007.707542,335.315688795082,222.433661111111,493.726735,69.150515,
132,2021-05-04,430.4723595,2005.373854,335.22409893759,222.5599,493.47942,68.8350578947368,
132,2021-05-05,429.2144554,2007.833977,335.139525800874,222.24708,493.72065,69.04028,
132,2021-05-06,424.0594927,2002.802459,335.169180303558,221.603833333333,493.76614117647,69.4338833333333,
132,2021-05-07,425.9505996,2000.562625,335.299349188733,222.18475,493.398506666666,68.6874444444444,
132,2021-05-08,425.5948989,1995.357484,335.084789214942,222.604571428571,493.779395,68.8310642857142,
132,2021-05-09,424.4544348,1986.298781,334.859878904801,221.776976470588,493.573654999999,69.1740647058823,
132,2021-05-10,425.8053207,1983.74694,335.563211482879,221.9643625,493.516807142857,69.18106,
132,2021-05-11,427.7089591,,336.096091988785,222.788272727272,493.457505882352,69.4186615384615,
132,2021-05-12,424.5516127,1996.792106,335.437101022909,222.01998125,493.176968749999,69.0341555555555,
132,2021-05-13,,1997.729543,336.695742747806,223.082,494.530575,69.1125555555555,
132,2021-05-14,,1992.732439,336.886812409212,222.809166666666,494.406644444444,69.32234,
132,2021-05-15,421.7344674,,336.045053145219,221.2945,493.86307368421,68.9377399999999,
132,2021-05-16,422.6378618,,334.756350055469,221.554552631578,493.706722222222,68.65356,
132,2021-05-17,425.8723436,1977.254728,335.139091847038,221.612974999999,493.371221052631,68.828985,
132,2021-05-18,425.7976845,1979.402258,335.111668700141,221.90206,493.14833,69.0642,
132,2021-05-19,,,336.204716167099,223.0444,493.663746153846,69.6655,
132,2021-05-20,423.4443516,2010.764286,336.900391178665,222.710457142857,493.467999999999,68.22947,
132,2021-05-21,423.6528935,1970.694498,334.733054783615,221.60147368421,493.40015,68.71461,
132,2021-05-22,424.0787712,1973.076886,335.123050597012,222.547199999999,493.388505,69.7326,
132,2021-05-23,424.498934,,335.490285162551,222.9714,493.249284210526,69.78408,
132,2021-05-24,427.766574,1999.444821,335.585325893142,222.821999999999,493.537163157894,69.685,
132,2021-05-25,423.3081552,1994.008639,335.071097304179,222.661435714285,493.698239999999,69.1978857142857,
132,2021-05-26,421.3156462,1993.06535,335.114668865985,221.752829999999,493.24981,68.7498599999999,11.1625052631578
132,2021-05-27,421.7850924,1989.880844,335.688692208153,221.296,493.027043749999,68.39477,10.98058
132,2021-05-28,,,337.397781646386,,493.40744,69.4855,11.1034666666666
132,2021-05-29,422.8198229,2005.835608,335.136975284761,222.699131578947,492.706147368421,69.2438875,10.8396777777777
132,2021-05-30,423.7486338,2017.40294,336.226222485404,222.549366666666,493.510488888889,69.3128,11.1141571428571
132,2021-05-31,425.1667029,2031.090068,335.214755880319,221.737385,492.979684999999,69.3498888888888,11.053735
132,2021-06-01,,,335.818875155278,222.475725,492.806188888888,69.4397799999999,11.1579272727272
132,2021-06-02,421.6469167,2022.503791,336.726679667922,222.525318181818,492.891504999999,69.2365444444444,11.2309416666666
132,2021-06-03,,,336.610957710137,222.41016,492.82515,69.2972789473684,11.278925
132,2021-06-04,421.9502306,1997.739211,334.721675570031,221.531889999999,492.992139999999,68.7713357142857,11.1521833333333
132,2021-06-05,422.8484443,2006.439809,336.948457650956,,493.44969,,11.40635
132,2021-06-06,422.7468553,1998.740276,335.484406224924,222.090966666666,492.82054,69.2708333333333,11.2021
132,2021-06-07,422.2864896,1973.216142,334.724276984365,221.134889999999,492.175404999999,69.2717733333333,11.099
132,2021-06-08,420.1194781,1969.983626,334.506457052504,220.607575,492.038341666666,69.05815,10.97494
132,2021-06-09,,,336.185978209525,221.827409090909,493.193035,69.2006692307692,11.01414
132,2021-06-10,417.5701275,,336.151651313367,221.85252,493.592121052631,69.0574105263157,10.8303374999999
132,2021-06-11,419.1681941,1949.177356,334.692675299051,220.687749999999,493.051052631578,69.2355449999999,10.80077
132,2021-06-12,,,336.543069612021,222.560125,493.826466666666,69.9509,10.6555857142857
132,2021-06-13,421.7199337,1964.324992,335.066886396082,222.943983333333,492.882474999999,69.60014,10.799585
132,2021-06-14,,2000.403914,335.57950323329,222.93321,493.01885,69.090765,10.909025
132,2021-06-15,,,336.421143796568,223.04045,492.977144444444,69.43152,10.7742285714285
132,2021-06-16,419.3285982,,335.566903424171,222.61157368421,493.154854999999,68.71745,10.7984142857142
132,2021-06-17,427.5946389,1997.383025,335.642680750954,222.24274,492.840435,68.354305,10.75809
132,2021-06-18,423.6886684,1983.104418,335.367407118884,222.146617647058,492.606635,68.4688111111111,11.02575
132,2021-06-19,431.1722444,2034.797232,337.297265475032,,493.876136363636,,
132,2021-06-20,,,339.488738133747,,494.107893749999,69.71166,
132,2021-06-21,427.8043082,,339.275498394488,,493.418771428571,69.5163571428571,
132,2021-06-22,417.5895862,,337.059711570224,223.46414,493.195915,68.9505599999999,11.475
132,2021-06-23,,,338.286522571378,,493.351152941176,68.52584,
132,2021-06-24,,,337.988600157072,,493.754388888888,69.1786444444444,
132,2021-06-25,418.9062631,,336.255377816369,222.97559090909,493.024009999999,68.999075,
132,2021-06-26,,,336.745153527267,223.089573333333,492.940695,68.6089789473684,
132,2021-06-27,,,338.278641604948,,494.825916666666,69.7819222222222,
132,2021-06-28,,,339.094920812193,,494.272894999999,69.8969222222222,
132,2021-06-29,,,338.042362031916,222.418566666666,494.152121052631,68.3708842105263,
132,2021-06-30,,,337.619181662318,222.1448,493.158244999999,68.20265,11.5464
132,2021-07-01,,,338.580909480192,,493.705268421052,68.672925,
132,2021-07-02,,,339.912102473761,,494.301,68.937,
132,2021-07-03,418.912942,,335.909883869337,222.827875,493.55804,68.5616,11.2815
132,2021-07-04,419.3434862,1988.893678,335.311193007607,,,,11.3560777777777
132,2021-07-05,418.3499134,1981.915586,336.508990491615,,493.744566666666,69.546175,11.4463499999999
132,2021-07-06,420.6038315,,338.717216737561,221.42885,493.833141666666,69.346855,11.17194
132,2021-07-07,420.6081311,,335.250696108056,221.768870588235,493.405833333333,69.1955142857143,11.2001578947368
132,2021-07-08,424.153808,2017.586858,336.126286423726,222.72209,493.8198,69.3805416666666,11.51465
132,2021-07-09,422.5460236,1979.659351,336.116275866126,222.348175,494.008986666666,69.6823549999999,11.39073
132,2021-07-10,421.8466032,,337.020433495528,222.383677777777,494.391175,69.6779,11.486125
132,2021-07-11,420.5800483,,335.868306145141,221.80449,493.685893333333,69.7831749999999,11.4619214285714
132,2021-07-12,,1926.042457,335.714235690078,221.966774999999,494.16285,69.0899083333333,11.5163999999999
132,2021-07-13,417.5068611,,335.644401783841,221.749977777777,493.6458,69.161255,11.4586055555555
132,2021-07-14,416.3631371,,335.521932062803,221.17621,493.662135,69.0230249999999,11.1428749999999
132,2021-07-15,419.6568288,,335.343674263675,220.887376470588,492.859724999999,68.93175,10.92346875
132,2021-07-16,,,338.839221030198,222.43625,493.997471428571,69.089475,11.26758
132,2021-07-17,,,337.055918313805,222.78815,493.42898,69.06599,11.64254
132,2021-07-18,417.7536204,,336.381503791391,221.902453333333,492.851455,68.82074,11.3125466666666
132,2021-07-19,,,335.470438201342,221.940252631578,493.189836842105,68.93771,11.2685466666666
132,2021-07-20,,,339.051194816719,222.8193,494.240814285714,69.0805105263157,
132,2021-07-21,,,337.942777564355,222.215,493.54605,68.3967684210526,
132,2021-07-22,,,335.827133275889,222.087557142857,492.598828571428,68.7445444444444,11.2051
132,2021-07-23,,,336.451606368772,,493.737511111111,68.7903578947368,
132,2021-07-24,,,336.841148484668,,493.621721428571,68.7894714285714,
132,2021-07-25,,,336.734109751798,223.3224,493.78368125,68.95039375,11.5096
132,2021-07-26,416.4241051,1936.626358,336.057709694797,222.05906,492.9179125,68.8972363636363,11.5962333333333
132,2021-07-27,,,336.854183641511,,,,11.7374
132,2021-07-28,,,336.546115371907,,,,
132,2021-07-29,,,336.011413680978,,,,11.23752
132,2021-07-30,416.6795308,1928.152547,335.531241657677,,,,11.1513625
132,2021-07-31,420.4659477,2015.986672,336.36787161538,,,,11.4657
132,2021-08-01,,,337.585539836262,,,,11.37108
132,2021-08-02,,1960.317279,335.350092323875,,,,11.20851
132,2021-08-03,415.629209,,336.884492594136,220.420357142857,492.9694,69.1115428571428,11.0066727272727
132,2021-08-04,419.6634968,1917.383024,335.014284880289,221.164054999999,492.40416,68.87595,10.8897052631579
132,2021-08-05,418.6484431,,336.869617748829,221.71285625,492.563944444444,68.395035,11.1441066666666
132,2021-08-06,415.1189929,,335.789463403292,221.629279999999,493.336572222222,68.6334421052631,10.99751
132,2021-08-07,,,335.843419244171,221.212606666666,493.552772222222,68.5358133333333,10.902725
132,2021-08-08,,,336.989450257931,222.347249999999,493.591972727272,68.7897,11.145
132,2021-08-09,,1989.719984,336.106070719947,221.851671428571,492.951325,68.573905,11.29978
132,2021-08-10,,1974.834887,335.509397971228,221.244753333333,492.368394736842,68.2251052631578,11.2470055555555
132,2021-08-11,,,336.583891645966,,492.752345,69.66458,11.7018
132,2021-08-12,,,338.536505850631,,493.095246153846,,
132,2021-08-13,,,338.331562279537,,493.388445454545,67.8955076923076,
132,2021-08-14,,,336.920266062561,,492.896505882352,68.920485,
132,2021-08-15,418.2350142,,336.260482594675,221.782061111111,492.38008,69.190665,11.6653
132,2021-08-16,,,335.83927423511,221.207123076923,492.11635,68.9471684210526,11.38476
132,2021-08-17,,,335.250904488352,221.475325,492.236504999999,68.8955549999999,11.2528833333333
132,2021-08-18,,,335.792227247177,221.59923076923,492.013689473684,68.91005,11.4719666666666
132,2021-08-19,412.6825163,,335.245399525479,220.942415384615,491.514857894736,68.8592894736842,11.3885
132,2021-08-20,,,335.553727614902,221.430185714285,491.83421,68.709595,11.5861
132,2021-08-21,411.8758813,2027.61287,335.118581183999,221.46055,491.153444444444,68.8989285714285,11.5137705882352
132,2021-08-22,411.2493258,2051.839189,335.670221762067,,491.998565,69.7933,11.7686083333333
132,2021-08-23,415.5555047,,335.168717114991,220.361383333333,491.77885,68.58905,11.0215714285714
132,2021-08-24,,1978.140804,336.196003672557,222.26605,492.485909090909,68.9447071428571,11.7067
132,2021-08-25,,,335.750772288011,221.999225,492.569415789473,69.4903666666666,11.3019076923076
132,2021-08-26,415.9687612,,337.048079524212,,492.73015,69.7231,
132,2021-08-27,416.5515808,,335.997033263981,221.189481818181,492.120205263157,69.44646,11.2915833333333
132,2021-08-28,,,336.650943049568,221.697333333333,492.341455555555,69.4535909090909,
132,2021-08-29,,,335.885609606862,221.141585714285,491.742089999999,69.6066333333333,11.6134999999999
132,2021-08-30,,,337.029735093771,222.121733333333,492.16901875,,11.6208999999999
132,2021-08-31,414.5558573,,336.826454086365,218.9676,492.23497,69.0669166666666,
132,2021-09-01,415.3494586,,336.703806801831,220.052566666666,492.197278571428,68.6822055555555,
132,2021-09-02,,,335.701985154792,221.87925,492.208429411764,69.0770882352941,
132,2021-09-03,,,336.1966469904,221.345422222222,492.038168421052,68.5572,11.3540666666666
132,2021-09-04,,,335.737714405897,221.245788235294,490.880829999999,68.835505,11.1877833333333
132,2021-09-05,418.4279412,,335.183671417507,220.986989473684,491.716879999999,68.7927699999999,10.9762555555555
132,2021-09-06,,,334.50659881331,,,,11.4636625
132,2021-09-07,416.6467215,2005.062439,335.069341657272,221.132833333333,492.294799999999,68.28468,11.55505
132,2021-09-08,410.778819,1987.102635,335.537526950035,220.218765,491.11528,68.921455,10.9002299999999
132,2021-09-09,,,335.499332546096,220.896045,491.019364999999,69.1531764705882,11.2985499999999
132,2021-09-10,414.2372984,2005.204874,336.533884202056,221.18513,491.862844444444,69.03967,11.6058333333333
132,2021-09-11,,,336.387323063729,220.823477777777,491.49435,69.61926,11.6165499999999
132,2021-09-12,,,335.092481738891,221.818079999999,491.796668421052,69.7421,
132,2021-09-13,411.6262548,,335.200476000354,221.72405,492.15683125,69.3478142857142,11.3205
132,2021-09-14,417.2931739,,335.411089384502,221.04706,491.07782,69.2593210526315,11.57105
132,2021-09-15,415.9980202,2033.292799,336.094304078336,220.737634999999,490.932715789473,69.057185,11.0120375
132,2021-09-16,417.1054779,,336.066374479124,221.012826315789,491.307284999999,68.82682,11.05715
132,2021-09-17,411.5245277,,336.263317410225,220.72455,491.803594117647,68.4377,
132,2021-09-18,,,335.98884969305,221.117299999999,491.93237,68.9423117647058,
132,2021-09-19,415.3970472,1985.395857,336.505281279142,220.9746,491.884019999999,68.8363149999999,11.4660333333333
132,2021-09-20,421.2235739,,335.734522901245,221.254387499999,491.376881818181,68.7273166666666,11.1468666666666
132,2021-09-21,422.9221636,2047.824332,334.881871737099,221.04146,492.014805263157,69.0914736842105,11.03792
132,2021-09-22,418.8213212,2024.865025,336.147000079481,221.106,491.76755,68.71974,11.1351
132,2021-09-23,413.0593072,2003.871763,336.333316188877,220.663099999999,490.778799999999,69.32333125,10.906375
132,2021-09-24,415.4869558,2016.691521,335.293907566934,220.903133333333,491.617794736842,69.2457125,11.06843
132,2021-09-25,418.4159099,,335.486457635682,220.985311111111,490.886855555555,69.0432249999999,11.1264166666666
132,2021-09-26,423.8597156,,335.960841145133,220.355985,491.224994736842,68.8294899999999,10.9238499999999
132,2021-09-27,420.7477325,2026.110484,335.580679181497,220.517664705882,491.396975,68.86115,11.0635199999999
132,2021-09-28,,,336.221046975085,221.595933333333,491.600865,68.530205,
132,2021-09-29,419.0644898,2012.176793,337.191778390508,220.988185714285,491.809,68.5636411764705,11.0386
132,2021-09-30,,,336.21890766481,220.921966666666,492.293015384615,68.60560625,11.31618
132,2021-10-01,,,337.30131360639,,490.914662499999,68.1458399999999,11.4904
132,2021-10-02,423.7948922,,335.274617303663,221.2207,492.003939999999,69.1779625,11.406875
132,2021-10-03,,,335.263010704589,,492.217866666666,,
132,2021-10-04,415.6968404,1975.530646,335.379561863759,220.242635714285,491.533914999999,68.966105,10.8477
132,2021-10-05,418.0879902,1990.139457,335.336164898732,220.503999999999,491.26047,68.92109,11.07851
132,2021-10-06,423.8195866,2024.698128,335.506526840354,221.127322222222,491.385484999999,69.303325,11.1482333333333
132,2021-10-07,422.0320704,2008.247375,336.980165263322,221.054778571428,491.676029999999,68.9578411764705,11.2468
132,2021-10-08,,,336.524016721489,221.323569230769,491.862394117647,69.4019599999999,11.16659
132,2021-10-09,,,335.338421587779,,491.950755555555,68.6832058823529,
132,2021-10-10,,,335.584794169317,221.1857,491.536777777777,68.6691052631578,11.28928
132,2021-10-11,,2026.952213,335.31792049472,220.326341666666,491.329046666666,68.7470727272727,10.7210933333333
132,2021-10-12,418.7977573,,335.25238811927,220.333635714285,491.693926315789,68.813995,10.905375
132,2021-10-13,424.3687607,,336.270285941387,220.235265,491.02549,68.801435,11.1192
132,2021-10-14,421.8459584,1998.174863,334.560370036139,220.514764705882,491.604383333333,68.728055,10.9306666666666
132,2021-10-15,,2003.06752,334.501903887279,,491.499161538461,69.2463416666666,10.8903
132,2021-10-16,416.7834664,1998.913679,334.972782845266,219.501405263157,490.973285,68.7670421052631,10.3373166666666
132,2021-10-17,418.25176,2013.132588,334.902156802191,219.553225,491.0289,68.64707,10.1893666666666
132,2021-10-18,421.450074,2010.723192,335.106311749438,220.20006,491.691209999999,68.8983833333333,10.88285
132,2021-10-19,421.8009614,2026.512363,335.201171428067,220.612131249999,491.181778947368,69.3613764705882,10.6040307692307
132,2021-10-20,419.1046975,2013.959886,335.013405167914,220.385570588235,491.574805263157,69.0258449999999,10.3999846153846
132,2021-10-21,,2008.12553,334.940912446423,220.173836842105,491.162405555555,68.910585,10.8200692307692
132,2021-10-22,424.749499,2007.364332,335.119992195422,220.210535,491.250844999999,68.9493052631579,10.8386714285714
132,2021-10-23,424.7375034,2022.344559,335.540486251064,220.27315,491.327545,68.88138,10.831609090909
132,2021-10-24,423.0190864,2020.224422,336.320415096451,220.652904999999,491.893244999999,68.79541,
132,2021-10-25,423.3689464,2006.57164,335.583456987276,220.9456,491.566277777777,69.0656266666666,
132,2021-10-26,,2025.994737,335.133550684509,,492.310222222222,,
132,2021-10-27,422.1237316,2003.405179,336.193317738685,220.13343,491.610944444444,69.03506,10.6287111111111
132,2021-10-28,,2029.119787,337.470415551757,220.123776923076,491.499157894736,69.1481526315789,10.72345
132,2021-10-29,423.700145,2021.739369,337.104777819617,220.62382,491.465052631578,68.9031799999999,
132,2021-10-30,426.8206726,2019.87758,337.027108230164,220.937142857142,491.847204999999,68.658055,
132,2021-10-31,427.5174567,,336.758812046735,220.872383333333,491.929661111111,68.6354947368421,
132,2021-11-01,,,337.211499620679,221.137639999999,491.928624999999,69.0409714285714,
132,2021-11-02,427.5926066,2035.825029,338.346849082944,221.0339375,491.501239999999,69.1201999999999,11.1408166666666
132,2021-11-03,,2033.198849,339.839784123305,,491.88937,69.1491214285714,11.2091
132,2021-11-04,428.4076607,2041.00252,339.324809086928,,492.20335,69.6596666666666,
132,2021-11-05,,,337.478269266355,,492.490214285714,,
132,2021-11-06,428.1119495,,336.403615578434,,492.874719999999,69.5668,
132,2021-11-07,427.8714753,2014.757315,336.320934783253,220.657533333333,492.026958823529,69.2116499999999,10.9505
132,2021-11-08,422.6893795,2005.953169,336.004067444907,220.154673333333,490.699806666666,68.1101866666666,10.6307533333333
132,2021-11-09,421.9419358,2007.757792,336.09588575375,220.272515,490.968459999999,68.7044944444444,10.5733888888888
132,2021-11-10,422.0035702,2003.593564,335.985227164902,220.029709999999,491.573874999999,68.6838947368421,10.4257649999999
132,2021-11-11,421.5464205,2001.408348,336.990070444914,219.68898,491.32725,68.0746549999999,10.638225
132,2021-11-12,423.1312105,2009.361527,338.981115970194,219.485565,491.237794999999,68.7476411764705,10.4422199999999
132,2021-11-13,425.0306093,2010.3498,338.338267066672,220.121436363636,491.575134999999,68.8643294117647,10.605525
132,2021-11-14,424.5035293,,336.801481335638,,492.523189999999,69.2217285714285,
132,2021-11-15,430.0575642,,336.37442458728,,492.167807692307,69.3803666666666,10.9231
132,2021-11-16,425.7051644,2010.808541,337.695832104151,220.109208333333,491.887244444444,69.3784499999999,10.68395
132,2021-11-17,423.8901009,2017.549635,339.094044648031,219.74604375,491.152934999999,68.85023,10.7462249999999
132,2021-11-18,427.2950991,2045.933989,340.921925192378,220.7766,491.91969,69.2245944444444,11.2248
132,2021-11-19,427.3578741,2039.997382,342.651848368811,,491.5814,69.0909499999999,
132,2021-11-20,429.9668446,2043.909697,336.109380356313,220.5649,491.776616666666,,
132,2021-11-21,,,336.055281795835,,492.650549999999,,
132,2021-11-22,423.654538,2015.975075,336.545635537796,219.993922222222,491.412864999999,68.55297,10.5905999999999
132,2021-11-23,422.7208173,2009.273047,337.671146545293,219.939124999999,491.45232,69.2113611111111,10.55799
132,2021-11-24,426.3970311,2035.276797,336.520004862756,220.056166666666,491.614074999999,68.9919388888889,10.90855
132,2021-11-25,425.5839772,2040.443564,337.145167814983,219.9266,491.89527,69.0960363636363,11.1375333333333
132,2021-11-26,424.129773,2009.523943,338.643212875036,219.874431578947,490.998605,69.1499583333333,10.98785625
132,2021-11-27,423.2480428,2018.433598,337.501024311629,219.98982,491.787255555555,69.1537333333333,11.0828571428571
132,2021-11-28,,,336.756606191125,,492.888328571428,69.1309749999999,
132,2021-11-29,,,336.031184466234,219.91195,491.899325,68.945225,
132,2021-11-30,424.0186824,2014.039157,336.865561580464,219.34514,491.87968,68.2100428571428,11.0349
132,2021-12-01,425.1032579,2022.897251,336.584203486509,219.69621,491.345335,68.77976,10.94601
132,2021-12-02,426.5241336,2009.381855,336.856350030708,220.190828571428,491.76471,68.8622294117647,11.2824315789473
132,2021-12-03,423.8399445,2013.420804,337.740718042765,219.798891666666,491.429042857142,68.7875647058823,11.0452333333333
132,2021-12-04,424.3900672,2017.844963,338.56345818295,219.801895,491.335689473684,69.12785,11.1787785714285
132,2021-12-05,435.9392662,,338.217506144023,220.10158,492.092099999999,69.1177210526315,11.26742
132,2021-12-06,,,338.271748369311,,492.4762875,69.2455615384615,
132,2021-12-07,,2078.179472,339.680402412648,,492.321946153846,69.4143599999999,
132,2021-12-08,,,338.120076475572,,492.46195,69.5613999999999,
132,2021-12-09,,,338.703618193091,,492.943771428571,69.5323,
132,2021-12-10,,,336.957873157944,,492.265053333333,69.2529909090909,
132,2021-12-11,,,336.239529594518,,492.891157142857,,
132,2021-12-12,423.7785363,2020.84424,336.643688116044,219.4075375,491.990717647058,69.0217214285714,11.0927333333333
132,2021-12-13,424.1143042,2016.852664,338.799894914691,219.652605,491.294399999999,68.7698299999999,11.20963
132,2021-12-14,428.3078245,2036.88026,339.405926877821,219.804033333333,491.485275,68.9716049999999,11.3146733333333
132,2021-12-15,430.5403068,2064.076588,336.25567268488,220.361599999999,491.616316666666,69.033425,
132,2021-12-16,,,336.264252252499,,492.4081,69.2254333333333,
132,2021-12-17,425.3197406,2030.69009,336.265087820802,219.79729375,491.459494444444,68.823295,11.1639588235294
132,2021-12-18,423.7532567,2016.280986,337.556242353906,219.8544375,491.23428,69.0103210526316,11.31569375
132,2021-12-19,425.4225758,2019.886905,338.659043924542,219.733964705882,491.486009999999,68.8619555555555,11.2253882352941
132,2021-12-20,427.8290231,2069.676309,336.960966387108,220.192049999999,492.249257142857,68.7097888888889,
132,2021-12-21,428.7348522,2044.293865,337.041016225528,220.1594,492.145945454545,69.034625,11.5212
132,2021-12-22,,2027.421993,338.012559064867,219.7419,491.626047058823,68.7728466666666,11.2397125
132,2021-12-23,,,336.159955064239,219.74696,491.966065,68.7380636363636,11.42495
132,2021-12-24,425.4857088,2025.121037,336.294945560902,219.665083333333,492.041528571428,69.14755,11.208825
132,2021-12-25,424.9023144,2023.282979,336.746957917326,219.348755,491.449334999999,68.650465,11.04908
132,2021-12-26,425.7710835,2025.560277,337.510703031116,219.580416666666,491.585789473684,68.658145,11.228565
132,2021-12-27,,2038.434192,337.198201835922,219.667961538461,491.526839999999,68.83810625,11.3626999999999
132,2021-12-28,433.232965,2064.318099,336.188754387875,220.2296,491.753212499999,68.8117083333333,
132,2021-12-29,424.5711478,2023.425615,336.164348280107,219.6280875,491.792399999999,68.3266384615384,11.1952222222222
132,2021-12-30,424.2295146,2008.16122,,219.392282352941,491.179555555555,68.824575,11.12717
132,2021-12-31,423.8985432,2006.197042,,219.47615,491.021615,68.73101,11.0912449999999
